Id,SalePrice
1,158870.71875
2,146506.4375
3,245692.34375
4,166621.515625
5,271232.4375
6,186195.609375
7,180093.6875
8,174267.484375
9,142802.078125
10,153280.875
11,132780.828125
12,173493.90625
13,165300.96875
14,113380.828125
15,149282.890625
16,253449.78125
17,235847.421875
18,187282.53125
19,179276.984375
20,178368.125
21,195583.171875
22,126507.1328125
23,136041.125
24,132608.171875
25,287113.78125
26,151251.8125
27,167341.53125
28,186657.1875
29,207991.546875
30,211339.09375
31,124694.4453125
32,150594.515625
33,159357
34,178389.15625
35,187679.734375
36,175702.546875
37,173837.109375
38,173430.796875
39,181550.71875
40,224511.078125
41,152189.5
42,203117.59375
43,238918.8125
44,180174.53125
45,237476.8125
46,178003.734375
47,151257.8125
48,157370.34375
49,165757.8125
50,136154.953125
51,172369.96875
52,209030.859375
53,134799.765625
54,221796.421875
55,135057.84375
56,208291.578125
57,182899.984375
58,247356.75
59,132404.90625
60,231076.578125
61,154536.984375
62,210620.8125
63,147855.734375
64,166724.34375
65,180653.8125
66,94488.984375
67,163034.1875
68,158898.28125
69,174889.265625
70,119097.4921875
71,119694.8671875
72,156085.4375
73,182846.03125
74,157735.203125
75,192756.421875
76,214948.34375
77,161252.484375
78,158356.515625
79,158097.5625
80,193162.59375
81,212451.578125
82,214100.109375
83,166861.40625
84,162324.109375
85,193357.28125
86,166506.265625
87,204359.75
88,125648.484375
89,190308.296875
90,123372.8828125
91,160148.359375
92,194829.984375
93,234839.234375
94,171090.96875
95,183533.328125
96,178862.171875
97,176525.46875
98,133173.140625
99,219274.265625
100,190527.359375
101,140896.53125
102,143915.640625
103,145844.625
104,175160.015625
105,223474.140625
106,169425
107,172754.40625
108,212573.03125
109,203011.890625
110,198570
111,158986.25
112,193638.84375
113,160626.140625
114,151332.0625
115,149432.234375
116,171416.4375
117,232001
118,158110.015625
119,118871.9765625
120,335762.65625
121,169517.96875
122,173066.390625
123,167940.71875
124,158066.9375
125,159815.5625
126,209349.296875
127,169653.078125
128,261835.375
129,127872.8515625
130,241769.578125
131,267282.5
132,163538.96875
133,191564.640625
134,172950.46875
135,149099.828125
136,127290.546875
137,215967.125
138,199233.75
139,193683.65625
140,183749.796875
141,207739.703125
142,142132.515625
143,174513.265625
144,213613.625
145,152032.984375
146,164264.609375
147,233898.71875
148,222898.546875
149,175631.015625
150,170585.4375
151,158700.421875
152,123438.59375
153,187074.0625
154,194915.5625
155,329144.21875
156,180389.984375
157,164510.796875
158,165738.25
159,148966.625
160,137791.546875
161,188611.125
162,174968.734375
163,201892.359375
164,166198.46875
165,260568.3125
166,149604.328125
167,215717.796875
168,144655.5
169,150915.359375
170,162475.15625
171,145479.59375
172,172441.078125
173,149641.6875
174,163282.265625
175,265881.84375
176,129571.8515625
177,185927.796875
178,189219.65625
179,164685.71875
180,161398.5
181,139710.125
182,213208.359375
183,186003.796875
184,154499.4375
185,182771.03125
186,152889.84375
187,165900.59375
188,183822.15625
189,150743.21875
190,102078.453125
191,185758.9375
192,280932.875
193,143512.734375
194,186369.890625
195,126114.9140625
196,159587.265625
197,124742.3671875
198,174708.328125
199,169519.78125
200,171962.421875
201,154584.03125
202,202472.453125
203,189152.484375
204,263004.84375
205,139537.421875
206,161611.890625
207,142874.09375
208,138377.53125
209,140297.71875
210,225810.59375
211,156661.9375
212,176220.03125
213,131326.046875
214,191236.703125
215,212226.390625
216,161391.09375
217,224356.984375
218,135524.5625
219,166789.75
220,215039.0625
221,145171.96875
222,232512.234375
223,155485.953125
224,135180.203125
225,181189.90625
226,175116.359375
227,198111.28125
228,138761.765625
229,160086.609375
230,143456.84375
231,169917.203125
232,129910.078125
233,118775.5546875
234,132204.671875
235,133071.796875
236,187340.21875
237,138584.96875
238,116598.6796875
239,188744.328125
240,247685.796875
241,182548.75
242,155276.5625
243,204765.390625
244,158560.921875
245,154290.359375
246,154242.75
247,115125.3828125
248,266898.40625
249,132725.4375
250,150237.5
251,201790.90625
252,170888.1875
253,212539.265625
254,163563.203125
255,131004.484375
256,143010.140625
257,140114.75
258,251771.109375
259,106852
260,145233.28125
261,180532.9375
262,123189
263,147065.609375
264,143092.3125
265,178344.46875
266,132774.359375
267,98200.65625
268,124009.125
269,182143.4375
270,179983.859375
271,149389.15625
272,150078.53125
273,146377.5625
274,151222.09375
275,99094.859375
276,239652.71875
277,212396.140625
278,119656.3125
279,195119.875
280,204579.296875
281,241784.671875
282,127564.71875
283,226819.609375
284,168430.140625
285,185021.609375
286,221675.71875
287,169757.46875
288,165026.265625
289,140887.21875
290,188251.5
291,190246.359375
292,150314.703125
293,178820.09375
294,161060.15625
295,146163.28125
296,127814.3984375
297,123827.953125
298,274965.65625
299,125262.34375
300,176933.015625
301,144529.171875
302,197924.6875
303,183796.765625
304,149952.28125
305,210522.421875
306,141630.515625
307,163360.640625
308,127562.2734375
309,262057.984375
310,148688.109375
311,137382.3125
312,197067.40625
313,157570.703125
314,125194.4765625
315,128765.234375
316,209068.921875
317,181790.625
318,184016.1875
319,156508.03125
320,159535.1875
321,139685.765625
322,132053.65625
323,296861.78125
324,101536.71875
325,187726.0625
326,156075.84375
327,169747.671875
328,223848.78125
329,199256.734375
330,201642.953125
331,177987.421875
332,121565.7890625
333,122222.8125
334,133040.1875
335,172366.453125
336,170282.515625
337,137458.953125
338,203467.359375
339,130414.0390625
340,168486.734375
341,194128.390625
342,123567.578125
343,213016.625
344,215574.671875
345,176500.796875
346,107685.6015625
347,143894.171875
348,136174.828125
349,164442.546875
350,186445.546875
351,129667.59375
352,146552.640625
353,141720.671875
354,193173.984375
355,156397.0625
356,131069.1640625
357,171166.5
358,223559.203125
359,136998.546875
360,150618.25
361,116256.5234375
362,170189.015625
363,137090.609375
364,172314.8125
365,159424.03125
366,128601.890625
367,203677.90625
368,174847.359375
369,167642.453125
370,153603.5625
371,251716.671875
372,199092.578125
373,196044.390625
374,172203.046875
375,189434.4375
376,167905.109375
377,164367.203125
378,138394.015625
379,168212.625
380,185461.453125
381,182280.40625
382,106683.40625
383,174876.234375
384,244916.171875
385,146191.703125
386,195760.125
387,215113.015625
388,115186.453125
389,159668.609375
390,187811.8125
391,128544.125
392,135127.515625
393,163034.96875
394,197280.203125
395,186144.484375
396,132053.953125
397,156255.59375
398,135895.5
399,151829.921875
400,166530.625
401,146761.953125
402,147408.4375
403,173407.5625
404,148779.1875
405,152426.8125
406,108655.546875
407,156819.6875
408,114991.8203125
409,188582.546875
410,140567.171875
411,139477.234375
412,130634.1484375
413,199363.15625
414,169391.625
415,194781.125
416,167107.515625
417,173902.859375
418,140693.046875
419,184282.015625
420,143765.609375
421,156383.359375
422,144278.609375
423,200516.6875
424,164757.25
425,199596.71875
426,149686.65625
427,180987.03125
428,221804.515625
429,156200.171875
430,200866.0625
431,160876.265625
432,144025.359375
433,127348.6953125
434,160044.0625
435,209876.3125
436,164315.1875
437,167449.90625
438,147076.46875
439,170862.796875
440,176918.59375
441,104200.875
442,146379.84375
443,143890.21875
444,216059.84375
445,157090.34375
446,214780.625
447,209425.984375
448,218492.390625
449,199130
450,134172.875
451,134069.359375
452,160364.765625
453,137802.234375
454,153285.328125
455,168144.609375
456,162227.171875
457,254259.78125
458,197362.03125
459,157028.890625
460,262402.75
461,168120.640625
462,176561.859375
463,236977.25
464,151664.171875
465,182820.265625
466,181593.9375
467,202595.296875
468,158902.671875
469,190447.515625
470,164874.46875
471,224373.359375
472,177246.953125
473,179148.203125
474,195931.140625
475,107356.0703125
476,197641.75
477,137543.71875
478,157531.734375
479,174456.28125
480,195108.875
481,200618.96875
482,164275.828125
483,124939.78125
484,163456.515625
485,212198.734375
486,163398
487,215409.265625
488,144296.53125
489,166521.234375
490,114247.9765625
491,169754.953125
492,182595.03125
493,125883.0390625
494,191724.578125
495,116724.328125
496,137247.90625
497,169814.09375
498,195257.265625
499,212734.515625
500,118555.46875
501,165682.703125
502,188258.25
503,130509.6640625
504,173928.46875
505,192207.265625
506,220774.796875
507,169221.734375
508,232790.203125
509,143992.234375
510,246414.328125
511,180328.25
512,188344.359375
513,134953.578125
514,211798.046875
515,201799.28125
516,255934.09375
517,165529.609375
518,153037.953125
519,143379.453125
520,147350.09375
521,188536.546875
522,131992.375
523,147224.5625
524,232785.75
525,153011.5
526,184729.765625
527,155844.34375
528,237839.40625
529,215584.015625
530,196912.921875
531,145491.71875
532,198194.109375
533,164948.390625
534,181195.609375
535,221564.46875
536,179124.21875
537,210946.65625
538,221536.15625
539,94928.625
540,153226.5625
541,138412.046875
542,160129.359375
543,151677.078125
544,154037.9375
545,147250.171875
546,192872.453125
547,177106.671875
548,125209.671875
549,135101.796875
550,145436.3125
551,193528.046875
552,133485.921875
553,207288.546875
554,171648.078125
555,189621.78125
556,241306.984375
557,222668.9375
558,130703.03125
559,142271.140625
560,133727.703125
561,157094.671875
562,114700.2109375
563,228258.171875
564,218418.703125
565,197666.609375
566,216683.171875
567,149950.0625
568,157541.3125
569,224150.015625
570,148874.75
571,118071.484375
572,157682.890625
573,156202.265625
574,168483.25
575,145290.8125
576,189394.90625
577,167510.125
578,185696.03125
579,117881.171875
580,146519.734375
581,142994.3125
582,201264.75
583,137777.90625
584,181048.125
585,238686.734375
586,212555.203125
587,209466.3125
588,142727.546875
589,151873.234375
590,240904.671875
591,258035.328125
592,219979.453125
593,312273.46875
594,149686.15625
595,177905.4375
596,239993.8125
597,175506.078125
598,164390.671875
599,141637.921875
600,213022.515625
601,177786.65625
602,163277.296875
603,176391.421875
604,118541.5546875
605,121843.3515625
606,136050.90625
607,155411.390625
608,212861.515625
609,217475.265625
610,150269.3125
611,103323.0703125
612,132933.3125
613,244090.78125
614,110820.953125
615,200609.359375
616,192177.96875
617,192906.078125
618,186869.203125
619,152103.9375
620,166650.453125
621,190033.03125
622,276187.40625
623,181792.65625
624,128916.578125
625,168575.296875
626,176613.015625
627,166335.40625
628,201280.5
629,126727.515625
630,175256.15625
631,148035.09375
632,173709.953125
633,214170.9375
634,173006.515625
635,148445.765625
636,185067.109375
637,178564.9375
638,168190.296875
639,129251.84375
640,243228.203125
641,181774.859375
642,214092.796875
643,167867.234375
644,128521.578125
645,145387.296875
646,217072.84375
647,129408.796875
648,215998.84375
649,183914.375
650,119039.25
651,178454.546875
652,130539.9453125
653,126933.3046875
654,153375.78125
655,203017.1875
656,168673.3125
657,137084.765625
658,151619.78125
659,153567.140625
660,165945.234375
661,146733.671875
662,176191.25
663,183450.921875
664,228821.875
665,179963.015625
666,134185.9375
667,187086.109375
668,171698.671875
669,125161.75
670,127403.234375
671,180367.875
672,128089.3671875
673,196114.703125
674,183864.390625
675,172699.421875
676,182561.84375
677,164020.1875
678,192865.296875
679,147104.328125
680,147786.53125
681,170653.40625
682,188400.296875
683,149574.515625
684,195720.5
685,146311
686,198410.828125
687,180892.953125
688,164094.578125
689,220113.875
690,177569.421875
691,154605.703125
692,140409.671875
693,219194.015625
694,174662.6875
695,180198.375
696,164609.984375
697,135293.859375
698,148518.359375
699,205529.1875
700,165483.15625
701,171846.6875
702,218837.265625
703,227630.546875
704,132529.71875
705,144142.984375
706,157394.625
707,203567.015625
708,210005.9375
709,119310.640625
710,165111.03125
711,147443.671875
712,167698.484375
713,167773.640625
714,134789.015625
715,146041.28125
716,184246.578125
717,177524.84375
718,135692.796875
719,176371.703125
720,179109.78125
721,141556.671875
722,146828.578125
723,155958.96875
724,154252.890625
725,128578.84375
726,158558.4375
727,147201.171875
728,155102.03125
729,210094.3125
730,225119.1875
731,179629.3125
732,152393.359375
733,196380.53125
734,140472
735,189358.296875
736,155041.96875
737,191635.0625
738,161174.25
739,149769.671875
740,179481.46875
741,119127.921875
742,130949.2890625
743,203790.484375
744,181484.015625
745,173234.71875
746,175635.9375
747,124215.890625
748,184615.078125
749,223649.9375
750,162966.484375
751,217071.5625
752,213525.515625
753,197859.46875
754,177049.953125
755,203235.921875
756,280088
757,162940
758,184586.734375
759,151134.40625
760,195237.84375
761,149506.390625
762,205899.75
763,216241.25
764,231285.46875
765,199308.0625
766,239761.3125
767,170708.9375
768,101481.078125
769,260537.421875
770,157071.671875
771,183975.859375
772,177274.53125
773,190696.21875
774,174334.578125
775,175525.609375
776,255348.453125
777,143954.65625
778,151130.234375
779,198762.921875
780,225997.515625
781,167730.03125
782,158079.328125
783,136085.40625
784,152114.859375
785,112659.125
786,152198.21875
787,163614.125
788,182473.796875
789,180941.90625
790,178457.65625
791,189293.5625
792,127961.8828125
793,151888.203125
794,128887.5625
795,226897.328125
796,160651.9375
797,173179.109375
798,141039.09375
799,154781.96875
800,171201.359375
801,152256.6875
802,180252.65625
803,138822.5
804,167124.078125
805,150914.234375
806,166581.109375
807,189252.15625
808,141845.359375
809,151576.65625
810,223071.078125
811,160580.875
812,117026.3125
813,204562.453125
814,144129.34375
815,247680.078125
816,209508.359375
817,218809.6875
818,328602.96875
819,171225.59375
820,184173.921875
821,221981.71875
822,138002.609375
823,140080.40625
824,183553.796875
825,246890.5625
826,210445.671875
827,197938.53125
828,174415.828125
829,134863.375
830,172634.09375
831,167096.171875
832,161620.703125
833,168739.625
834,185690.59375
835,276875.8125
836,156672.28125
837,151851.203125
838,155680.921875
839,136253.28125
840,105602.5546875
841,203063.71875
842,116004.359375
843,181606.828125
844,133372.9375
845,127817.421875
846,165539.609375
847,142334.59375
848,166593.296875
849,149262.625
850,125853.3125
851,196378.171875
852,167622.546875
853,150614.75
854,154476.765625
855,134655.9375
856,124477.703125
857,295011.3125
858,187443.15625
859,199347.8125
860,232569.84375
861,184281.609375
862,182762.46875
863,195491.5
864,295486.46875
865,190413.421875
866,213178.890625
867,151368.625
868,146963.71875
869,165854.0625
870,173609.828125
871,151597.671875
872,261672.171875
873,135814.296875
874,181205.40625
875,180707.171875
876,169267.8125
877,159464.140625
878,147307.484375
879,275136.46875
880,162678.71875
881,185103.84375
882,216133.78125
883,151252.15625
884,128911.1171875
885,103170.265625
886,155203.875
887,183351.359375
888,249695.5
889,165248.46875
890,188116.0625
891,221532.53125
892,113510.0703125
893,197268.109375
894,158585.65625
895,144997.265625
896,142124.109375
897,119561.890625
898,191172.265625
899,177049.6875
900,141339.171875
901,172813.84375
902,180443.96875
903,116792.6640625
904,178510.609375
905,279987.34375
906,166643.109375
907,152301.078125
908,142995.84375
909,175384.53125
910,164076
911,127552.9296875
912,165812.546875
913,181050.796875
914,147564.65625
915,188148.046875
916,192782.84375
917,137044.46875
918,172089.578125
919,169250.28125
920,136825.375
921,107089.3828125
922,254521.234375
923,285232.6875
924,171923.234375
925,160568.703125
926,186105.984375
927,173079.671875
928,133694.96875
929,198007.96875
930,195595.6875
931,146768.90625
932,99260.328125
933,189911.09375
934,182764.53125
935,166353.234375
936,162148.0625
937,166991.109375
938,175656.671875
939,240011.203125
940,195072.984375
941,190334.734375
942,199294.234375
943,257092.953125
944,186403.953125
945,206070.265625
946,188936.28125
947,163942.9375
948,155647.09375
949,172414.3125
950,143269.78125
951,179847.609375
952,188332.171875
953,225354.421875
954,121152.5234375
955,209697.09375
956,189579.171875
957,130824.671875
958,162430.34375
959,146186.578125
960,231518.5625
961,250264.015625
962,137662.359375
963,133409.578125
964,160253.078125
965,125530.9140625
966,125431.625
967,193877.84375
968,169759.203125
969,153071.90625
970,133220.890625
971,166321.984375
972,226791.78125
973,242700.25
974,155271.03125
975,132508.578125
976,107667.90625
977,142819.375
978,197546.171875
979,168270.90625
980,156489.203125
981,149381.71875
982,136811.421875
983,169436.1875
984,159983.90625
985,127916.4921875
986,109362.75
987,183752.15625
988,205881.140625
989,144534
990,185948.703125
991,226229.484375
992,184540.578125
993,145190.84375
994,202319.484375
995,164012.609375
996,161888.53125
997,153665.984375
998,167325.203125
999,149031.203125
1000,168451.53125
1001,262860.40625
1002,203202.875
1003,138217.125
1004,123538.453125
1005,102367.53125
1006,168142.546875
1007,159107.1875
1008,164648.1875
1009,139745.78125
1010,134720.03125
1011,174901.25
1012,137911.421875
1013,183833.265625
1014,148244.4375
1015,125473.5703125
1016,133055.96875
1017,144170.828125
1018,127126.8203125
1019,181628.921875
1020,149220.40625
1021,180588.125
1022,128760.578125
1023,175758.078125
1024,114496.4296875
1025,157782.703125
1026,194499.578125
1027,138036.34375
1028,190666.71875
1029,156634.953125
1030,174275.03125
1031,169237.4375
1032,203477.875
1033,116521.296875
1034,160191.609375
1035,181187.125
1036,150196.03125
1037,188134.984375
1038,219273.96875
1039,214117.21875
1040,150918.65625
1041,151288.75
1042,244070.046875
1043,207600.390625
1044,196394.53125
1045,295992.1875
1046,178888
1047,205626.71875
1048,180953.6875
1049,132337.109375
1050,152828.390625
1051,179832.9375
1052,126735.328125
1053,202716.515625
1054,169255.03125
1055,158848.5
1056,143068.359375
1057,171420.625
1058,171238.78125
1059,123911.9765625
1060,193989.5625
1061,157559.4375
1062,161213.265625
1063,144731.984375
1064,172463.734375
1065,191374.703125
1066,234806.53125
1067,155037.828125
1068,150838.328125
1069,148114.359375
1070,125238.96875
1071,140406.9375
1072,106696.4921875
1073,165482.984375
1074,118692.6171875
1075,148471.984375
1076,261934.5625
1077,165658.21875
1078,137529.671875
1079,151552.4375
1080,122021.40625
1081,177589.625
1082,180247.859375
1083,156401.5625
1084,143510.328125
1085,151337.6875
1086,171017.796875
1087,141596.609375
1088,148074.4375
1089,178666.765625
1090,172848.140625
1091,161320.828125
1092,255864.140625
1093,113329.328125
1094,161232.59375
1095,209945.34375
1096,146081.203125
1097,234225.765625
1098,194892.78125
1099,200939.984375
1100,129115.8203125
1101,190646.234375
1102,140732.578125
1103,157326.359375
1104,157843.859375
1105,170072.9375
1106,185383.40625
1107,167539.109375
1108,214611.53125
1109,132118.53125
1110,128898.3671875
1111,179742.296875
1112,166987.046875
1113,180186.40625
1114,228035
1115,164660.90625
1116,133122.375
1117,131336.1875
1118,256368.78125
1119,179285.828125
1120,166047.65625
1121,121332.7265625
1122,239251.8125
1123,186302.796875
1124,188399.65625
1125,252201.375
1126,195103.4375
1127,161812.796875
1128,166386.0625
1129,151945.953125
1130,229262
1131,168883.421875
1132,139653.09375
1133,178402.75
1134,145110.375
1135,157168.4375
1136,130444.4296875
1137,173689.25
1138,192921.40625
1139,161202.421875
1140,163852.84375
1141,146439.015625
1142,168672.1875
1143,144701.5625
1144,128104.921875
1145,212288.609375
1146,148363.3125
1147,265442.90625
1148,147104.578125
1149,151088.34375
1150,239732.90625
1151,136759.5625
1152,126559.875
1153,144863.59375
1154,130768.28125
1155,141348.703125
1156,164587.671875
1157,206294.53125
1158,132295.09375
1159,172318
1160,158870.53125
1161,136510.265625
1162,143341.25
1163,120239.265625
1164,227294.53125
1165,198508.40625
1166,146418.734375
1167,182524.21875
1168,195368.984375
1169,209192.171875
1170,172680.59375
1171,206275.53125
1172,151492.046875
1173,168206.328125
1174,154336.59375
1175,219538.296875
1176,216178.921875
1177,204654.8125
1178,153715.890625
1179,124185
1180,198478.765625
1181,155322.484375
1182,133131.375
1183,183965.1875
1184,158891.375
1185,170596.796875
1186,258239.75
1187,92893.4453125
1188,218724.34375
1189,135410.640625
1190,238521.90625
1191,144168.21875
1192,217666.15625
1193,163763.34375
1194,231386.234375
1195,158561.796875
1196,197170.96875
1197,243086.5625
1198,175361.046875
1199,132483.625
1200,180107.84375
1201,151294.3125
1202,254825.203125
1203,142727
1204,151109
1205,200356.953125
1206,162977.46875
1207,198140.84375
1208,157159.046875
1209,156803.96875
1210,147999.328125
1211,141358.1875
1212,148070.140625
1213,153581.578125
1214,188433.265625
1215,215150.34375
1216,113063.7890625
1217,226644.71875
1218,217838.796875
1219,180028.625
1220,200875.703125
1221,192686.5625
1222,137557.140625
1223,188271
1224,241855.96875
1225,190136.765625
1226,163441.640625
1227,149504.03125
1228,302516.59375
1229,149169.078125
1230,136806.96875
1231,130884.3828125
1232,246307.40625
1233,152340.75
1234,186552.359375
1235,157071
1236,238419.265625
1237,135927.40625
1238,171476.78125
1239,146496.078125
1240,156445.3125
1241,105059.2734375
1242,164521.078125
1243,129428.5703125
1244,144644.734375
1245,202807.1875
1246,135331.515625
1247,133381.703125
1248,148560.546875
1249,120242.28125
1250,133110.34375
1251,125535.859375
1252,178334.734375
1253,181129.90625
1254,220947.484375
1255,164962.84375
1256,170879.125
1257,152279.953125
1258,267098.15625
1259,151349.109375
1260,217811.203125
1261,157543.671875
1262,215481
1263,170109.6875
1264,155048.328125
1265,177515.25
1266,161698.109375
1267,206678.328125
1268,147386.984375
1269,200615.171875
1270,193133.59375
1271,153850.671875
1272,169571.6875
1273,131299.890625
1274,178067.78125
1275,120324.1328125
1276,184064.671875
1277,180871.71875
1278,214683.625
1279,142179.015625
1280,181303.046875
1281,174036.09375
1282,194434.3125
1283,183433.421875
1284,151839.578125
1285,163479.90625
1286,171735.078125
1287,195891.171875
1288,159746.640625
1289,168685.1875
1290,137047.078125
1291,162602.234375
1292,209597.578125
1293,138138.484375
1294,119840.7421875
1295,214149.59375
1296,153283.234375
1297,140010.078125
1298,109698.578125
1299,165309.15625
1300,143894.875
1301,148132.59375
1302,144488.75
1303,125280.46875
1304,190391.984375
1305,145066.65625
1306,167611.609375
1307,136307.46875
1308,161630.90625
1309,177344.234375
1310,209649.203125
1311,166221.8125
1312,228227.734375
1313,187683.765625
1314,167398.703125
1315,142940.4375
1316,152756.640625
1317,168730.078125
1318,236642.921875
1319,155379.34375
1320,146742
1321,157644.78125
1322,133215.375
1323,150213.5
1324,143982.140625
1325,163859.765625
1326,161524.03125
1327,117997.3671875
1328,178290.671875
1329,209404.828125
1330,166128.46875
1331,260561.078125
1332,111376.671875
1333,203724.1875
1334,308221.8125
1335,203870.28125
1336,196462.625
1337,171630.0625
1338,124120.1015625
1339,171032.5625
1340,241322.53125
1341,109804.2109375
1342,149929.015625
1343,182402.34375
1344,165393.84375
1345,168220.390625
1346,145918.90625
1347,180943.6875
1348,111793.5390625
1349,159201.578125
1350,148495.734375
1351,127593.0859375
1352,185625.46875
1353,150686.265625
1354,233292.265625
1355,141202.765625
1356,203942.546875
1357,163087.28125
1358,165265.140625
1359,145982.3125
1360,115844.3671875
1361,157518.703125
1362,181656.21875
1363,106667.484375
1364,211477.515625
1365,292608.84375
1366,160243.59375
1367,159884.1875
1368,195359.125
1369,173864.734375
1370,215480.265625
1371,150010.671875
1372,182958.140625
1373,128390.5625
1374,117366.796875
1375,129677.6953125
1376,156547.78125
1377,128670.8203125
1378,209743.328125
1379,197730.3125
1380,154020.328125
1381,153674.0625
1382,112289.96875
1383,130434.3984375
1384,130485.25
1385,167044.4375
1386,172564.390625
1387,174886.9375
1388,190624.609375
1389,175294.96875
1390,150157.796875
1391,202781.296875
1392,213948.84375
1393,151955.28125
1394,140145.5625
1395,166322.734375
1396,202122.234375
1397,119567.2890625
1398,166735
1399,186593.171875
1400,131852.109375
1401,150504.90625
1402,172798.15625
1403,177428.046875
1404,216465.578125
1405,154320.328125
1406,196008.78125
1407,256563.96875
1408,173958.875
1409,129567.3828125
1410,161215.078125
1411,155133.9375
1412,194257.828125
1413,172817.0625
1414,226951.09375
1415,248823.796875
1416,94372.2734375
1417,131253.671875
1418,231265.71875
1419,130014.3046875
1420,215886.515625
1421,151386.875
1422,165353.6875
1423,173807.703125
1424,257911.765625
1425,188522.875
1426,154645.109375
1427,149568.890625
1428,131590.90625
1429,207056.921875
1430,250545.265625
1431,135635.484375
1432,188527.984375
1433,154315.390625
1434,235192.71875
1435,106361.28125
1436,188866.625
1437,164937.484375
1438,147599.5
1439,225572.65625
1440,163878.9375
1441,168487.015625
1442,191611.171875
1443,201172.75
1444,167301.953125
1445,134089.578125
1446,225969.578125
1447,205216.796875
1448,160990.640625
1449,111182.7734375
1450,219727.5625
1451,175253.234375
1452,151328.625
1453,200208.53125
1454,181150.109375
1455,167771.359375
1456,217905.28125
1457,158264.921875
1458,124041.0546875
1459,135294.53125
1460,185791.359375
1461,112623.8359375
1462,168976.15625
1463,162662.4375
1464,158939.890625
1465,142225.21875
1466,130364.140625
1467,146982.109375
1468,176770.625
1469,139588.3125
1470,189962.84375
1471,153057.328125
1472,217212.921875
1473,233467.734375
1474,124525.453125
1475,257547.421875
1476,125218.1171875
1477,162652.734375
1478,127843.65625
1479,176230.40625
1480,158260.71875
1481,132834.921875
1482,170618.390625
1483,202882.515625
1484,155885.296875
1485,156994.171875
1486,158775.46875
1487,177187.9375
1488,270629.71875
1489,148776.984375
1490,150041.9375
1491,115844.296875
1492,173701.734375
1493,169607.15625
1494,137424.515625
1495,151548.75
1496,161397.671875
1497,118034.7734375
1498,232278.046875
1499,216400.828125
1500,151199.875
1501,124646.84375
1502,159356.546875
1503,157127.453125
1504,206039.421875
1505,183030.171875
1506,178847.96875
1507,193905.015625
1508,225026.671875
1509,154965.6875
1510,128342.5234375
1511,100836.296875
1512,121936.9140625
1513,200728.8125
1514,180977.953125
1515,156308.234375
1516,185348.5
1517,205180.25
1518,159628.109375
1519,164598.890625
1520,147144.53125
1521,160808.59375
1522,245523.703125
1523,230384.25
1524,181506.9375
1525,126102.03125
1526,151698.625
1527,125666.6171875
1528,177622.359375
1529,203552.25
1530,288569.59375
1531,183161.359375
1532,238158.90625
1533,221409.40625
1534,200067.703125
1535,104057.3515625
1536,158819.9375
1537,102374.953125
1538,110484.9609375
1539,209423.890625
1540,169596.3125
1541,150850.140625
1542,169367.984375
1543,158193.34375
1544,160397.375
1545,149199.90625
1546,165966.421875
1547,184583.84375
1548,209685.921875
1549,206684.359375
1550,120924.6171875
1551,177645.5
1552,160048.015625
1553,175327.96875
1554,125398.015625
1555,124323.78125
1556,217465.96875
1557,180803.125
1558,165181.078125
1559,143657.921875
1560,215890.015625
1561,213584.078125
1562,125424.90625
1563,240945.96875
1564,210576.140625
1565,112487.0078125
1566,124196.046875
1567,157356.671875
1568,140887.875
1569,139690.25
1570,175025.53125
1571,191833.203125
1572,168811.984375
1573,138886.1875
1574,144784.671875
1575,198821.015625
1576,164349.3125
1577,268932.90625
1578,190121.734375
1579,179094.03125
1580,169413.828125
1581,153563.75
1582,160789.078125
1583,156549.546875
1584,191166.96875
1585,216040.796875
1586,135733
1587,107443.2890625
1588,191307.21875
1589,189241.328125
1590,127831.8984375
1591,187907.78125
1592,157319.515625
1593,160310.53125
1594,155069.34375
1595,149333.953125
1596,132437.546875
1597,179495.78125
1598,181828.734375
1599,195033.046875
1600,171016.109375
1601,98826.4375
1602,120326.4921875
1603,154586.640625
1604,146578
1605,180808.359375
1606,177440.359375
1607,169871.25
1608,157397.046875
1609,191282.34375
1610,143653.03125
1611,132097.453125
1612,165282.03125
1613,163893.359375
1614,186918.203125
1615,136691.484375
1616,195362.40625
1617,180797.140625
1618,161655.5625
1619,201649.21875
1620,170182.625
1621,282071.09375
1622,105183.453125
1623,286370.21875
1624,191537.84375
1625,171684.859375
1626,169811.359375
1627,228660.03125
1628,145464.890625
1629,186675.609375
1630,199921.34375
1631,206484.109375
1632,253238.15625
1633,172992.046875
1634,272911.25
1635,159555.734375
1636,185625.65625
1637,134951.078125
1638,246323.515625
1639,147270.171875
1640,183149.8125
1641,140809.53125
1642,195621.515625
1643,125027.9296875
1644,131298.84375
1645,189307.1875
1646,267395.9375
1647,139499.0625
1648,204452.640625
1649,177399.890625
1650,186719.0625
1651,145120.859375
1652,145884.90625
1653,253948.96875
1654,137128.328125
1655,176105.84375
1656,175828.109375
1657,151916.984375
1658,223569.3125
1659,196238.46875
1660,196888.609375
1661,203184.15625
1662,148946.15625
1663,150453.625
1664,241195.859375
1665,163173.015625
1666,182087.515625
1667,123962.796875
1668,143911.796875
1669,178107.625
1670,146602.65625
1671,146770.4375
1672,136187.71875
1673,175003.328125
1674,209529.75
1675,144740.671875
1676,182045.28125
1677,120200.34375
1678,167856.34375
1679,157136.28125
1680,170424.4375
1681,158471.59375
1682,153926.25
1683,152133.359375
1684,144547.328125
1685,176191.25
1686,190632.390625
1687,181337.96875
1688,140768.203125
1689,198715.234375
1690,174187.3125
1691,143873.828125
1692,200271.125
1693,231739.03125
1694,312725.03125
1695,157425.8125
1696,140465.109375
1697,154368.734375
1698,258182.96875
1699,175595.09375
1700,292477.1875
1701,192594.828125
1702,142077.765625
1703,251583.84375
1704,178039.65625
1705,173864.390625
1706,162529.421875
1707,162326.3125
1708,230107.78125
1709,150126.28125
1710,146120.328125
1711,158755.84375
1712,142573.3125
1713,159467.609375
1714,121202.734375
1715,164405.46875
1716,143638
1717,185575.4375
1718,189182.8125
1719,201465.671875
1720,154727.28125
1721,144901.546875
1722,253432.6875
1723,175338.875
1724,119857.765625
1725,168914.15625
1726,145917.125
1727,116405.609375
1728,165175.609375
1729,137529.90625
1730,156193.265625
1731,147976.109375
1732,208231.59375
1733,137469.46875
1734,157412.828125
1735,207289.4375
1736,181504.140625
1737,226574.984375
1738,195448.109375
1739,172533.046875
1740,173743.515625
1741,228986.546875
1742,141770.609375
1743,194885.5625
1744,248924.9375
1745,185092.421875
1746,157597.671875
1747,161627.8125
1748,211287.5
1749,145337.046875
1750,154440.5
1751,110100.28125
1752,146225.140625
1753,156734.765625
1754,134432.453125
1755,214963.515625
1756,192786.765625
1757,229025.203125
1758,171544.984375
1759,170871.28125
1760,175860.859375
1761,248833.671875
1762,147972.203125
1763,181988.40625
1764,150644.09375
1765,128085.0625
1766,187490.359375
1767,126232.15625
1768,240766.5625
1769,130080.140625
1770,139784.375
1771,173088.734375
1772,137187.3125
1773,292778.21875
1774,181330.265625
1775,181635.9375
1776,247415.046875
1777,150787.9375
1778,168223.234375
1779,200916.703125
1780,167272.984375
1781,140494.53125
1782,176232.234375
1783,125862.140625
1784,162308.8125
1785,162934.578125
1786,169095.125
1787,136480.90625
1788,299273.96875
1789,151172.078125
1790,191091.953125
1791,202811.921875
1792,156126.640625
1793,191816.3125
1794,186209.359375
1795,136741.96875
1796,112847.1484375
1797,88801.3046875
1798,144227.8125
1799,176166.71875
1800,171015.890625
1801,239866.734375
1802,175347.9375
1803,183824.078125
1804,169596.078125
1805,179738.734375
1806,173410.671875
1807,125908.0703125
1808,155563.03125
1809,113621.8125
1810,169154.671875
1811,140401.4375
1812,185694.234375
1813,163743.09375
1814,145516.390625
1815,143216.5625
1816,282548.25
1817,133593.984375
1818,121626.984375
1819,189427.1875
1820,165161.875
1821,235099.703125
1822,168170.5
1823,197581.9375
1824,150938.21875
1825,224312.609375
1826,190844.359375
1827,257516.890625
1828,158696.65625
1829,166192.890625
1830,233216.46875
1831,218295.765625
1832,186951.125
1833,130867.3359375
1834,125194.125
1835,122017.3984375
1836,273723.65625
1837,201273.46875
1838,241248.34375
1839,96870.3984375
1840,173325.34375
1841,149385.28125
1842,155026.859375
1843,252292.203125
1844,172970.8125
1845,189048.515625
1846,256802.640625
1847,281770.53125
1848,143619.875
1849,113498.703125
1850,227731.8125
1851,202550.546875
1852,165826.21875
1853,171544.3125
1854,208428.4375
1855,195061.703125
1856,106492.609375
1857,208317.796875
1858,168804.234375
1859,211357.546875
1860,145929.28125
1861,156352.359375
1862,165354.796875
1863,191573.46875
1864,142833.234375
1865,177574.625
1866,171441.203125
1867,99408.4140625
1868,174762.640625
1869,231428.109375
1870,138973.5625
1871,141758.421875
1872,148511.390625
1873,148497.078125
1874,172356.984375
1875,175311.328125
1876,189704.828125
1877,155785.109375
1878,158291.8125
1879,147309.921875
1880,285815.375
1881,168784.28125
1882,120131.21875
1883,138732.28125
1884,183410.96875
1885,180461.09375
1886,158249.34375
1887,113529.140625
1888,155035.6875
1889,206812.890625
1890,98281.0234375
1891,160866.03125
1892,199200.390625
1893,242580.328125
1894,191661.75
1895,132078.1875
1896,195444.453125
1897,216098.46875
1898,167144.734375
1899,118548.5625
1900,139373.515625
1901,215737.390625
1902,147109.015625
1903,176552.375
1904,133499.125
1905,131607.578125
1906,169812.09375
1907,149491.1875
1908,168208.078125
1909,170730.3125
1910,158033.3125
1911,222825.859375
1912,189130.296875
1913,119211.9375
1914,116511.109375
1915,148696.71875
1916,159106
1917,181776.9375
1918,152215.546875
1919,183059.09375
1920,115320.765625
1921,136373.28125
1922,171790.828125
1923,151726.09375
1924,193317.734375
1925,128857.1640625
1926,157274.28125
1927,197476.71875
1928,144215.90625
1929,298620.125
1930,174804.484375
1931,187287.5
1932,199427.640625
1933,111177.3984375
1934,157270.40625
1935,130714.3828125
1936,208169.328125
1937,105342.25
1938,197064.5625
1939,129806.15625
1940,119790.203125
1941,149081.375
1942,158202.9375
1943,171947
1944,146373.453125
1945,165981.359375
1946,187475.609375
1947,116655.8359375
1948,173797.59375
1949,122979.359375
1950,157031.671875
1951,327282.5625
1952,178199.328125
1953,130156.7421875
1954,145860.21875
1955,215624.15625
1956,179137.453125
1957,176411.875
1958,187500.90625
1959,105918.8515625
1960,171035.484375
1961,174294.59375
1962,155450.421875
1963,145052.296875
1964,120868.734375
1965,93956.984375
1966,151378.34375
1967,187638.5625
1968,187738.625
1969,170269.96875
1970,154397.765625
1971,224778.53125
1972,231926.5
1973,137197.6875
1974,179727.328125
1975,110862.25
1976,166836.765625
1977,201006.5625
1978,123105.859375
1979,153747.515625
1980,174109.734375
1981,118288.4453125
1982,189382.3125
1983,190095.96875
1984,135982.875
1985,242645.328125
1986,131936.046875
1987,188993.125
1988,165559.34375
1989,164969.75
1990,131138.4375
1991,143015.46875
1992,174111.453125
1993,137326.84375
1994,166335.265625
1995,274488.34375
1996,158454.453125
1997,229173.609375
1998,154404.59375
1999,175764.578125
2000,232172.796875
2001,268031.125
2002,274182.53125
2003,114890.8359375
2004,139390.84375
2005,283363.03125
2006,131729.21875
2007,190203.84375
2008,182135.703125
2009,137173.15625
2010,187636.796875
2011,245894.75
2012,138303.921875
2013,189024.828125
2014,173928.796875
2015,264401
2016,148612.78125
2017,160607.90625
2018,191577.515625
2019,165520.71875
2020,119100.390625
2021,140732.078125
2022,180708.484375
2023,207630.5625
2024,288141.53125
2025,183923.25
2026,182010.6875
2027,144701.75
2028,145125.671875
2029,114818.859375
2030,145839.8125
2031,237822.953125
2032,311131.375
2033,205758.484375
2034,165117.734375
2035,170442.375
2036,160603.390625
2037,128510.171875
2038,127121.8515625
2039,133273.671875
2040,95910.5078125
2041,202243.484375
2042,179571.375
2043,160066.734375
2044,178000.140625
2045,146531.59375
2046,144351.46875
2047,148543.53125
2048,169110.34375
2049,129820.5703125
2050,216631.265625
2051,137605.4375
2052,266374.6875
2053,202351.921875
2054,232452.25
2055,240508.328125
2056,151245.5625
2057,140715.359375
2058,155613.265625
2059,189088.875
2060,194242.671875
2061,208799.640625
2062,165927.875
2063,155202.59375
2064,168644.671875
2065,150711.6875
2066,198010.78125
2067,199840.890625
2068,115001.828125
2069,191079.390625
2070,172892.234375
2071,233217.25
2072,148730.609375
2073,129169.1796875
2074,153218.34375
2075,153445.078125
2076,201549.828125
2077,154896.484375
2078,141546.546875
2079,200083.28125
2080,150196.125
2081,198624.390625
2082,174820.859375
2083,295218.1875
2084,213975.703125
2085,198589.296875
2086,209040.390625
2087,152574.984375
2088,149453.546875
2089,222099.96875
2090,130707.6640625
2091,210779.75
2092,114925.0625
2093,200825.625
2094,147168.5625
2095,140055.671875
2096,157474.640625
2097,167620.4375
2098,153673.09375
2099,200485.140625
2100,152177.96875
2101,212447.03125
2102,219680.015625
2103,170774.875
2104,185446.078125
2105,274444.03125
2106,177535.8125
2107,193253.40625
2108,209439.3125
2109,207151
2110,121510.7421875
2111,160124.21875
2112,139229.140625
2113,119859.21875
2114,252894.90625
2115,128861.28125
2116,212677.421875
2117,147581.171875
2118,143758.03125
2119,187016.984375
2120,148871.265625
2121,134487.40625
2122,139612.796875
2123,194443.53125
2124,174766.1875
2125,255821.828125
2126,106793.6953125
2127,196431.046875
2128,212525.984375
2129,200757.828125
2130,157099.3125
2131,149152.578125
2132,232215.296875
2133,189296.453125
2134,187319.828125
2135,229383.421875
2136,149219.828125
2137,177863.96875
2138,189998.796875
2139,151962.53125
2140,215224.265625
2141,201930.59375
2142,177069.71875
2143,175555.765625
2144,189477.65625
2145,157691.6875
2146,176952.65625
2147,245036.328125
2148,153124.921875
2149,229138.875
2150,167856.8125
2151,155363.359375
2152,181950.296875
2153,205196.1875
2154,154394.828125
2155,188152.796875
2156,187131.515625
2157,185077.796875
2158,222128.125
2159,129192.7578125
2160,121126.109375
2161,237920.53125
2162,147825.5
2163,115181.125
2164,199586.90625
2165,177768.984375
2166,172436.703125
2167,155033.734375
2168,197889.671875
2169,252131.765625
2170,177303.609375
2171,215276.671875
2172,184542.3125
2173,115151.4296875
2174,148666.640625
2175,129613.875
2176,188549.109375
2177,172532.0625
2178,185785.71875
2179,176804.703125
2180,189323.15625
2181,141322.96875
2182,190905
2183,194925.734375
2184,167551.140625
2185,115553.90625
2186,217821.734375
2187,154211.875
2188,163176.984375
2189,158458.671875
2190,197114.234375
2191,160597.796875
2192,133232
2193,227480.421875
2194,147768.796875
2195,195468.328125
2196,155524.53125
2197,162230.859375
2198,206181.203125
2199,237803.140625
2200,185078.265625
2201,157241.515625
2202,167354.71875
2203,156412.046875
2204,147372.828125
2205,162638.46875
2206,189124.703125
2207,137275.921875
2208,160541.765625
2209,151087.171875
2210,186252.296875
2211,261984.9375
2212,177581.8125
2213,149210.125
2214,209222.625
2215,181538.125
2216,175422.578125
2217,180428.921875
2218,132670.328125
2219,128335.421875
2220,154473.109375
2221,196037.671875
2222,146451.046875
2223,223065.453125
2224,148145.140625
2225,185225.765625
2226,196459.5
2227,117201.7421875
2228,173057.171875
2229,187217.546875
2230,248844.3125
2231,126156.6953125
2232,173175.546875
2233,196634.984375
2234,165135.265625
2235,150677.1875
2236,242926.59375
2237,136030.375
2238,131722.328125
2239,175011.78125
2240,130518.015625
2241,252718.5625
2242,184200.703125
2243,145421.625
2244,178548.4375
2245,144896.046875
2246,194600.546875
2247,151370.25
2248,224751.4375
2249,210149.6875
2250,132317.109375
2251,168813.25
2252,123760.703125
2253,230121.171875
2254,113404.1640625
2255,178873.890625
2256,224931.109375
2257,185304.390625
2258,169378.234375
2259,184106.359375
2260,151930.765625
2261,215715.078125
2262,226872.046875
2263,202738.03125
2264,142520.109375
2265,194446.421875
2266,189244.53125
2267,177051.8125
2268,179404.78125
2269,201438.09375
2270,154689.8125
2271,161447.578125
2272,135276.171875
2273,203631.515625
2274,157727.828125
2275,182061.25
2276,131116.53125
2277,180497.09375
2278,168685.4375
2279,168870.296875
2280,174824.34375
2281,141912.046875
2282,222740.34375
2283,303646.375
2284,178770.421875
2285,108805.2265625
2286,156757.59375
2287,161631.453125
2288,175429.875
2289,216123.703125
2290,196105.015625
2291,242277.4375
2292,221711.640625
2293,159061.171875
2294,215681.09375
2295,117964.9765625
2296,137453.625
2297,174646.78125
2298,154628.1875
2299,135253.84375
2300,160286.78125
2301,131553.96875
2302,258815.59375
2303,230838.34375
2304,202080.84375
2305,184398.28125
2306,189128.359375
2307,169226.953125
2308,183520.75
2309,126446.359375
2310,227018.25
2311,193971.0625
2312,206193.296875
2313,192216.890625
2314,115243.59375
2315,191602.828125
2316,111152.8359375
2317,208570.53125
2318,195661.484375
2319,130970.5859375
2320,174096.171875
2321,128922.265625
2322,151168.453125
2323,129897.4765625
2324,180156.28125
2325,171551.484375
2326,282658.46875
2327,202290.828125
2328,176301.171875
2329,210422.21875
2330,164092.59375
2331,161981.921875
2332,153546.546875
2333,201150.1875
2334,112225.3203125
2335,213159.75
2336,121608.25
2337,132930.8125
2338,129772.5546875
2339,310203.625
2340,164047.359375
2341,166673.53125
2342,163642.6875
2343,196978.328125
2344,175748.328125
2345,224419.5625
2346,213917.1875
2347,153410.0625
2348,166223.109375
2349,163604.890625
2350,190175.5
2351,125786.453125
2352,257358.640625
2353,175557.5
2354,160234.265625
2355,140363.078125
2356,143278.71875
2357,236627.71875
2358,140913.484375
2359,142461.265625
2360,120541.6953125
2361,208626.953125
2362,183098.296875
2363,162286.8125
2364,144812.859375
2365,178803.59375
2366,175178.1875
2367,150357.8125
2368,120851.5703125
2369,143914.375
2370,168444.59375
2371,195908.921875
2372,123650.296875
2373,160683.78125
2374,142484.953125
2375,175966.203125
2376,225600.171875
2377,147984.4375
2378,97386.7265625
2379,202278.609375
2380,187610.703125
2381,187387.734375
2382,161712.515625
2383,147251.953125
2384,130287.1484375
2385,234514.984375
2386,119879.390625
2387,176805.703125
2388,145800.296875
2389,131774.703125
2390,118426.7109375
2391,197009
2392,157494.046875
2393,143340.015625
2394,135522.15625
2395,221200.015625
2396,237698.546875
2397,168780.9375
2398,197189.203125
2399,165363.171875
2400,183152
2401,162349.40625
2402,147502.0625
2403,193734.796875
2404,194416.140625
2405,172627.015625
2406,129610.2890625
2407,122447.5390625
2408,184474.375
2409,156477.453125
2410,164110.21875
2411,182889.125
2412,108733.375
2413,160920.8125
2414,204756.53125
2415,155974.171875
2416,170719.40625
2417,144865.6875
2418,235904
2419,188426.1875
2420,131228.25
2421,139579.484375
2422,181587.8125
2423,156027.921875
2424,144603.859375
2425,177636.859375
2426,198921.890625
2427,163311.40625
2428,142177.828125
2429,197232.15625
2430,171322.4375
2431,119089.5390625
2432,152712.109375
2433,188455.796875
2434,168624.296875
2435,193629.671875
2436,132218.609375
2437,214858.765625
2438,149583.46875
2439,118891.7578125
2440,140521.15625
2441,156630.546875
2442,158596.4375
2443,110249.2890625
2444,149633.5
2445,252671.46875
2446,173968.9375
2447,217106.96875
2448,152596.15625
2449,128223.2734375
2450,178201.578125
2451,244797.234375
2452,270754.875
2453,173318.734375
2454,124955.765625
2455,100475.6328125
2456,139998.296875
2457,131682.328125
2458,154596.203125
2459,220745.046875
2460,130836.421875
2461,198437.328125
2462,135858.96875
2463,173985.203125
2464,174113.796875
2465,88330.5
2466,132964.109375
2467,146415.21875
2468,121155.046875
2469,166559.8125
2470,156491.09375
2471,186387.9375
2472,208266.234375
2473,114819.984375
2474,142640.375
2475,177155.65625
2476,203234.84375
2477,153833.890625
2478,174194.09375
2479,215467.234375
2480,143424.953125
2481,218874.234375
2482,180692.34375
2483,180137.046875
2484,236063.84375
2485,196275.9375
2486,169814.375
2487,158941.6875
2488,158780.765625
2489,189963.734375
2490,218170.515625
2491,158948.921875
2492,298587.3125
2493,179587.609375
2494,123771.1796875
2495,164190.875
2496,133533.640625
2497,166918.609375
2498,125168.1015625
2499,112932.3125
2500,137207.75
2501,189696.734375
2502,158138.09375
2503,192904.34375
2504,215950.234375
2505,166431.28125
2506,215212.40625
2507,169003.640625
2508,172609.828125
2509,175936.1875
2510,176629.703125
2511,209217.984375
2512,110946.65625
2513,153611.453125
2514,143768.328125
2515,160470.4375
2516,149346.3125
2517,263715.90625
2518,244661.6875
2519,145189.09375
2520,182043.109375
2521,170507.296875
2522,158180.109375
2523,237287.84375
2524,153121.359375
2525,181215.203125
2526,238297.078125
2527,197625.78125
2528,170114.953125
2529,152886.765625
2530,129683.09375
2531,217682.109375
2532,162801.09375
2533,188308.53125
2534,180634.921875
2535,222918.65625
2536,190839.875
2537,138720.8125
2538,184724.6875
2539,144764.8125
2540,143920.625
2541,172020.96875
2542,182635.140625
2543,185540.078125
2544,169312.703125
2545,167743.375
2546,182595.15625
2547,151190.65625
2548,151486.890625
2549,177599.703125
2550,141243.25
2551,162677.265625
2552,132906.015625
2553,161739.15625
2554,169758.421875
2555,122752.515625
2556,159696.546875
2557,150692.03125
2558,159415.59375
2559,130714.953125
2560,179798.71875
2561,196211.296875
2562,162755.171875
2563,214407.203125
2564,117071.7265625
2565,125479.65625
2566,142962.46875
2567,112204.375
2568,218435.53125
2569,158601.71875
2570,198763.1875
2571,118245.125
2572,154006.46875
2573,225275.796875
2574,109125.5859375
2575,140670.359375
2576,138213.328125
2577,188064.734375
2578,184596.015625
2579,163681.515625
2580,179206.21875
2581,221112.46875
2582,148251.671875
2583,152111.75
2584,158815.734375
2585,126891.84375
2586,161928.25
2587,182204.3125
2588,150834.34375
2589,175006.09375
2590,151813.265625
2591,124356.5078125
2592,225194.515625
2593,213804.640625
2594,149709.5625
2595,177706.90625
2596,159256.171875
2597,165375.40625
2598,180584.609375
2599,137280.421875
2600,203453
2601,132073.40625
2602,143910.046875
2603,184919.734375
2604,151688.5
2605,161979.640625
2606,193115.734375
2607,203709.609375
2608,222007.8125
2609,265328
2610,176929.703125
2611,116176.8828125
2612,172620.59375
2613,151249.8125
2614,172659.96875
2615,156821.390625
2616,135409.921875
2617,163232.28125
2618,177621.359375
2619,131648.90625
2620,139944.671875
2621,204475.546875
2622,171002.59375
2623,250377.890625
2624,214089.03125
2625,140462.859375
2626,274708.03125
2627,107485.6171875
2628,185842.109375
2629,174737.578125
2630,201275.3125
2631,211577.4375
2632,143082.828125
2633,185600.59375
2634,137445.28125
2635,164317.703125
2636,136918.28125
2637,145599.328125
2638,161897.140625
2639,153007.359375
2640,188701.21875
2641,145548.828125
2642,180513.234375
2643,150981
2644,226882.71875
2645,152127.65625
2646,211907.484375
2647,158402.3125
2648,200908.40625
2649,169968.25
2650,175917.359375
2651,175325.03125
2652,188841.703125
2653,198359.75
2654,138640.09375
2655,146155.921875
2656,202382.03125
2657,167866.84375
2658,192729.59375
2659,166247.703125
2660,186477.734375
2661,209163.65625
2662,126862.140625
2663,217596.828125
2664,196993.203125
2665,148458.140625
2666,164358.9375
2667,147975.90625
2668,243014.484375
2669,138928.53125
2670,122371.7109375
2671,136457.203125
2672,182856.0625
2673,131848.953125
2674,139170.28125
2675,164145.421875
2676,193885
2677,177708.578125
2678,244866.578125
2679,179056.8125
2680,142850.0625
2681,193295.421875
2682,147119.6875
2683,105324.8125
2684,125157.328125
2685,173034.828125
2686,201348
2687,197494.140625
2688,174191.296875
2689,125313.0703125
2690,136123.78125
2691,121043.4296875
2692,132778.75
2693,201603.703125
2694,184779.828125
2695,155456.65625
2696,228920.765625
2697,154251.4375
2698,164659.96875
2699,260427.765625
2700,151569.875
2701,134433.9375
2702,141418.203125
2703,222876.625
2704,188067.0625
2705,227323.296875
2706,129464.03125
2707,163784.390625
2708,150579.859375
2709,137242.1875
2710,222270.515625
2711,137533.890625
2712,213174.53125
2713,192402.75
2714,173098.8125
2715,177060.453125
2716,118045.21875
2717,168573.46875
2718,167306.34375
2719,170236.4375
2720,211704.359375
2721,136628.703125
2722,198803.640625
2723,180162.015625
2724,173820.578125
2725,193860.5
2726,213876.1875
2727,333425.21875
2728,144871.734375
2729,242104.203125
2730,162824.765625
2731,273626.59375
2732,173631.59375
2733,220505.546875
2734,135089.1875
2735,151606.046875
2736,171495.609375
2737,145210.625
2738,159265.453125
2739,181140.015625
2740,136733.40625
2741,170465.75
2742,132586.171875
2743,119651.5
2744,170898.3125
2745,195221.828125
2746,186152
2747,175879.875
2748,226034.125
2749,144586.875
2750,194451.5625
2751,118530.3046875
2752,179006.65625
2753,125792.0390625
2754,163156.9375
2755,251947.15625
2756,165102.15625
2757,146491.203125
2758,180713.453125
2759,166369.921875
2760,163345.5
2761,166793.15625
2762,108431.53125
2763,181420.34375
2764,154960.640625
2765,137315.421875
2766,242422.859375
2767,159465.375
2768,197674.109375
2769,161031.28125
2770,172548.3125
2771,176942.96875
2772,166449.984375
2773,158815.3125
2774,130040.3046875
2775,116302.03125
2776,183621.03125
2777,196778.96875
2778,141590.515625
2779,142152.40625
2780,188856.53125
2781,121413.0703125
2782,133482.921875
2783,165216.75
2784,151702.828125
2785,223017.90625
2786,169584.921875
2787,170774.984375
2788,234199.53125
2789,179177.25
2790,120183.1796875
2791,162595.40625
2792,184284.90625
2793,166914.125
2794,149164.296875
2795,252151.421875
2796,126136.578125
2797,182276.921875
2798,169821.25
2799,194523.03125
2800,159506.90625
2801,137420.875
2802,193089.421875
2803,198703.203125
2804,150823.625
2805,122556.34375
2806,211422.546875
2807,163802.640625
2808,129271.7109375
2809,128966.328125
2810,172322.328125
2811,238943.75
2812,197661.4375
2813,169318.546875
2814,223275.9375
2815,170452.21875
2816,244265.640625
2817,146413.90625
2818,147589.8125
2819,317549.21875
2820,161911.3125
2821,167527.953125
2822,152559.15625
2823,206467.921875
2824,164866.546875
2825,128518.3203125
2826,122798.8359375
2827,158855.71875
2828,135385.671875
2829,208796.21875
2830,173199.625
2831,144276.078125
2832,168241.6875
2833,197966.015625
2834,148996.171875
2835,212847.5
2836,250364.84375
2837,173430.515625
2838,185031.796875
2839,135880.71875
2840,123978.3671875
2841,175059.234375
2842,164111.015625
2843,197539.90625
2844,119424.3125
2845,246857.859375
2846,196931.28125
2847,200520.875
2848,112900.6796875
2849,181433.96875
2850,154033.328125
2851,120517.953125
2852,176242.15625
2853,186446.375
2854,159705.5625
2855,252570.78125
2856,154787.25
2857,223275.28125
2858,131614.0625
2859,162196.53125
2860,172115.46875
2861,175115.5625
2862,149472.65625
2863,195119.84375
2864,246804.203125
2865,188645.53125
2866,154716.4375
2867,172198.0625
2868,114600.515625
2869,151389.546875
2870,168502.6875
2871,166975.984375
2872,135905.71875
2873,137080.765625
2874,225684.28125
2875,131745.75
2876,145749.375
2877,143642.28125
2878,163846.25
2879,244120.9375
2880,121934.25
2881,153318.484375
2882,223045.6875
2883,248837.265625
2884,121791.4296875
2885,204272.0625
2886,190809.0625
2887,202441.671875
2888,136666.765625
2889,150945.90625
2890,143536.921875
2891,160415.140625
2892,220521.390625
2893,138663.5625
2894,207672.359375
2895,156476.625
2896,128596.3515625
2897,187359.28125
2898,197975.515625
2899,145659.5625
2900,140009.640625
2901,150086.734375
2902,331482.875
2903,171915.40625
2904,145640.921875
2905,236991.484375
2906,138732.515625
2907,202058.796875
2908,182781.78125
2909,188039.765625
2910,157839.359375
2911,144771.6875
2912,193849.484375
2913,199985.765625
2914,155636.046875
2915,235219.984375
2916,162277.765625
2917,130630.90625
2918,175225.75
2919,183159.40625
2920,278513.46875
2921,216444.09375
2922,185926.046875
2923,173717.53125
2924,214973.015625
2925,178895.921875
2926,131419.171875
2927,196760.0625
2928,130308.1875
2929,157950.28125
2930,185108.90625
2931,227032.15625
2932,166402.671875
2933,211146.625
2934,142716.296875
2935,229452.765625
2936,196316.765625
2937,154017.6875
2938,162300.875
2939,229352.578125
2940,171463.71875
2941,167168.78125
2942,165319.53125
2943,191303.140625
2944,182640.109375
2945,164044.296875
2946,172275.421875
2947,144971.40625
2948,159460.8125
2949,121958.4453125
2950,129263.4921875
2951,150903.515625
2952,191204.453125
2953,197324.890625
2954,199514.546875
2955,261623.859375
2956,153905.3125
2957,281048.8125
2958,168624.953125
2959,126811.453125
2960,156750.5
2961,149065.609375
2962,185576.234375
2963,287020.53125
2964,127008.8828125
2965,167180.828125
2966,132230.296875
2967,153542.25
2968,283312.40625
2969,160614.078125
2970,153745.15625
2971,202059.375
2972,194292.640625
2973,180624.78125
2974,176656.96875
2975,200145.984375
2976,171523.828125
2977,168592.625
2978,184467.828125
2979,138817.25
2980,158286.65625
2981,143503.84375
2982,228524.171875
2983,127677.7109375
2984,141176.6875
2985,132136.296875
2986,165215.375
2987,135573.828125
2988,131502.546875
2989,138164.734375
2990,159893.609375
2991,140833.5
2992,130524.171875
2993,169385.296875
2994,237169.046875
2995,178372.40625
2996,117080.5390625
2997,141697.53125
2998,163843.34375
2999,128845.046875
3000,178707.875
3001,176603.703125
3002,160856.828125
3003,148209.078125
3004,197274.203125
3005,204992.109375
3006,116027.328125
3007,144492.015625
3008,184891.796875
3009,190303.234375
3010,209672.484375
3011,119501.2578125
3012,106261.5703125
3013,316156.09375
3014,113178.78125
3015,211228.96875
3016,169999.625
3017,177002.34375
3018,147527.28125
3019,187580.78125
3020,135167.9375
3021,183380.078125
3022,110433.0234375
3023,149061.765625
3024,138632.921875
3025,133485.015625
3026,119578.875
3027,153441.34375
3028,157696.0625
3029,150650.265625
3030,153957.578125
3031,262119.953125
3032,228429.5
3033,130681.90625
3034,109642.5859375
3035,199851.203125
3036,110555.71875
3037,171248.09375
3038,129661.5234375
3039,158979.453125
3040,146934.609375
3041,206291.671875
3042,144113.9375
3043,157755.3125
3044,174687.28125
3045,165466.21875
3046,168635.5
3047,191415.125
3048,140468.90625
3049,203701.421875
3050,183174.890625
3051,190273.84375
3052,152271.578125
3053,192301.078125
3054,150321.984375
3055,176795.59375
3056,216667.34375
3057,166767.15625
3058,208289.515625
3059,175275.171875
3060,224790.953125
3061,136624.171875
3062,181200.5625
3063,234793.96875
3064,189286.796875
3065,134591.515625
3066,127002.046875
3067,141903.3125
3068,240083.578125
3069,156602.234375
3070,181515.078125
3071,180087.984375
3072,180738.671875
3073,159609.078125
3074,153086.484375
3075,132127.03125
3076,96940.2578125
3077,144454.234375
3078,116786.2265625
3079,135792.4375
3080,136262.734375
3081,151605.953125
3082,171829.765625
3083,233314.03125
3084,223526
3085,201280.796875
3086,127797.1015625
3087,146900.34375
3088,211698.0625
3089,161189.421875
3090,135942.53125
3091,98709.78125
3092,200454
3093,183986.28125
3094,154097.828125
3095,159038
3096,144514.28125
3097,175343.015625
3098,116155.0625
3099,137055.125
3100,145583.375
3101,174067.25
3102,142282.734375
3103,134979.90625
3104,199145.328125
3105,165738.09375
3106,177964.421875
3107,156059.125
3108,122999.6953125
3109,142314.9375
3110,189658.5625
3111,210509.796875
3112,133928.65625
3113,267891.03125
3114,189806.125
3115,133162.15625
3116,151936.71875
3117,176259.921875
3118,186024
3119,126239.953125
3120,176354.125
3121,187302.484375
3122,217506.3125
3123,172402.484375
3124,180401.828125
3125,188723.609375
3126,149391.171875
3127,186322.125
3128,116142.96875
3129,169904.453125
3130,194084.625
3131,183263.421875
3132,160971.953125
3133,198576.859375
3134,146274.515625
3135,120647.9453125
3136,251312.359375
3137,160658.734375
3138,147880.0625
3139,167301.359375
3140,166818.890625
3141,170759.328125
3142,207450.828125
3143,208436.75
3144,233150.265625
3145,160176.140625
3146,138937.71875
3147,138012.09375
3148,125814.1015625
3149,210285.5625
3150,173931.921875
3151,224081.46875
3152,222712.40625
3153,171243.171875
3154,173108.546875
3155,179314.734375
3156,186816.90625
3157,234308.140625
3158,162231.703125
3159,180474.5
3160,222989.65625
3161,146204.265625
3162,268689.1875
3163,199036.984375
3164,169626.984375
3165,212399.09375
3166,204158.5
3167,156306.640625
3168,141768.265625
3169,124388.3359375
3170,129265.59375
3171,157964.03125
3172,218096.15625
3173,210186.234375
3174,141012.03125
3175,198035.796875
3176,289597.09375
3177,210024.453125
3178,191966.296875
3179,192250.65625
3180,169181.40625
3181,168017.859375
3182,151205.9375
3183,161418.3125
3184,307229.71875
3185,192559.140625
3186,193401.640625
3187,141147.703125
3188,158381.140625
3189,147783.03125
3190,193736.1875
3191,127616.046875
3192,159599.640625
3193,161572.859375
3194,173603.328125
3195,231442.5
3196,174854.15625
3197,139592.3125
3198,180988.484375
3199,226164.71875
3200,130675.3125
3201,198531.09375
3202,164908.53125
3203,164007.921875
3204,120605.8828125
3205,166951.109375
3206,142493.625
3207,108150.796875
3208,171045.21875
3209,147553.84375
3210,181776.84375
3211,181109.4375
3212,154275.484375
3213,185356.671875
3214,182388.203125
3215,167878.578125
3216,247258.140625
3217,208002.984375
3218,122104.9375
3219,122424.375
3220,125008.625
3221,173823.265625
3222,193722.65625
3223,149336.921875
3224,177073.53125
3225,128917.5078125
3226,156358.296875
3227,267010.03125
3228,127305.7265625
3229,263064.34375
3230,153978.53125
3231,174221.5
3232,153460.6875
3233,148544.484375
3234,133527.15625
3235,171171.28125
3236,167428.203125
3237,169096.15625
3238,169134.859375
3239,144152.59375
3240,170427.84375
3241,113359.1171875
3242,106737.1953125
3243,117144.7890625
3244,232577.25
3245,259536.421875
3246,191203.21875
3247,167279.375
3248,169418.53125
3249,206556.59375
3250,286421.3125
3251,186898.28125
3252,124443.1171875
3253,155354.078125
3254,197846.609375
3255,201483.390625
3256,315148.625
3257,195623.59375
3258,199313.765625
3259,170568
3260,207084.53125
3261,293030.3125
3262,129929.9921875
3263,171696.40625
3264,172288.78125
3265,188611.46875
3266,128053.9921875
3267,115011.3359375
3268,161617.0625
3269,237527.203125
3270,196589.0625
3271,126860.8671875
3272,167845.359375
3273,140063.546875
3274,217294.375
3275,198050
3276,171668.046875
3277,152448.9375
3278,233001.109375
3279,177574.046875
3280,210062.78125
3281,199017.234375
3282,167891.296875
3283,184397.40625
3284,133612.953125
3285,192158
3286,159217.0625
3287,140536.28125
3288,195708.484375
3289,141570.828125
3290,218986.015625
3291,159414.390625
3292,144775.171875
3293,164701.21875
3294,163253.015625
3295,138621.359375
3296,193310.3125
3297,149649.0625
3298,181166.21875
3299,173588.21875
3300,133166.375
3301,147582.9375
3302,255259.40625
3303,146613.078125
3304,148190.578125
3305,161720.375
3306,154434.75
3307,194666.25
3308,205975.03125
3309,173355.8125
3310,253063.546875
3311,157137.828125
3312,184978.859375
3313,168230.140625
3314,161798.046875
3315,239768.921875
3316,187705.203125
3317,202093.140625
3318,121700.1796875
3319,235552.8125
3320,249700.9375
3321,147545.46875
3322,129067.3125
3323,215721.578125
3324,136239.734375
3325,198992.28125
3326,288214.15625
3327,136135.1875
3328,255946.015625
3329,175853.34375
3330,202027.140625
3331,172187.25
3332,146280.515625
3333,136756.28125
3334,180065.65625
3335,142362.546875
3336,149728.921875
3337,185670.859375
3338,167657.21875
3339,185401.09375
3340,251719.78125
3341,154645.96875
3342,157831.78125
3343,166159.0625
3344,125448.4453125
3345,207647.453125
3346,137912.59375
3347,216659.765625
3348,213760.953125
3349,138410.015625
3350,221422.25
3351,165428.140625
3352,106302.4453125
3353,177966.125
3354,155656.734375
3355,128791.5
3356,149690.703125
3357,197106.15625
3358,194326.28125
3359,161884.015625
3360,164648.140625
3361,199214.171875
3362,193307.359375
3363,191537.1875
3364,218155.453125
3365,123527.4453125
3366,185334.921875
3367,169148.484375
3368,169774.90625
3369,186506.6875
3370,123192.3125
3371,100643.828125
3372,236529.703125
3373,165190.609375
3374,103491.609375
3375,177801.328125
3376,194259.765625
3377,145601.6875
3378,135436.640625
3379,178876.984375
3380,102266.1640625
3381,160495.015625
3382,181458.46875
3383,249754.265625
3384,120802.890625
3385,199562.71875
3386,119662.484375
3387,107176.203125
3388,154836.734375
3389,185284.765625
3390,188696.28125
3391,106845.1953125
3392,114459.5078125
3393,185085.96875
3394,163515.984375
3395,175563.15625
3396,127152.609375
3397,187549.8125
3398,174986.640625
3399,120991.4921875
3400,175865.796875
3401,156327.140625
3402,148912.234375
3403,209042.53125
3404,176523.375
3405,162295.53125
3406,152202.921875
3407,165553.75
3408,278615.15625
3409,165711.4375
3410,283989.71875
3411,153119.375
3412,195896.84375
3413,178400.703125
3414,166398.640625
3415,183242.265625
3416,159547.71875
3417,152844.75
3418,166988.296875
3419,159401.96875
3420,165601.46875
3421,188368.484375
3422,158434.296875
3423,182390.859375
3424,185455.171875
3425,125485.609375
3426,177303.5625
3427,181758.90625
3428,161854.453125
3429,194214.828125
3430,141028.203125
3431,178958.28125
3432,155421.984375
3433,204052.984375
3434,175090.140625
3435,120531.0703125
3436,161454.65625
3437,96709.5859375
3438,177294.796875
3439,190566.671875
3440,124871.484375
3441,152423.921875
3442,212203.8125
3443,107829.328125
3444,274956.5625
3445,182253.953125
3446,247911.78125
3447,152396.65625
3448,131523.984375
3449,186014.671875
3450,140480.484375
3451,145951.546875
3452,193949.859375
3453,142264.953125
3454,130019.1484375
3455,205693.640625
3456,193165.53125
3457,197214.6875
3458,111484.9921875
3459,146855.140625
3460,163999.421875
3461,135709.953125
3462,186163.484375
3463,166720.65625
3464,143015.625
3465,195212.890625
3466,184615.734375
3467,169338.625
3468,148870.5
3469,131085.1875
3470,118755.90625
3471,219151.03125
3472,235625.796875
3473,201189.625
3474,134996.609375
3475,126154.921875
3476,140938.953125
3477,134284.859375
3478,220914.234375
3479,118983.8125
3480,276183.1875
3481,173192.4375
3482,163103.640625
3483,123118.734375
3484,193193.296875
3485,216156.890625
3486,138292.171875
3487,124727.28125
3488,182730.578125
3489,164387.734375
3490,177329.71875
3491,157896.53125
3492,127218.859375
3493,234665.671875
3494,188338.6875
3495,191532.359375
3496,154690.453125
3497,213247.453125
3498,189692.171875
3499,122836.5234375
3500,176875.65625
3501,131785.328125
3502,139249.921875
3503,185396.40625
3504,186094.15625
3505,184552.296875
3506,150511.296875
3507,188343.796875
3508,145554.90625
3509,226688.78125
3510,139345.796875
3511,126766.3515625
3512,159439.71875
3513,105194.2109375
3514,159838.734375
3515,187950.796875
3516,197162.265625
3517,164726.046875
3518,172466.890625
3519,170645.6875
3520,163333.515625
3521,193948.84375
3522,196754.28125
3523,195548.125
3524,125785.0859375
3525,176166.109375
3526,192141.9375
3527,126068.1796875
3528,113691.5546875
3529,253127
3530,150277.421875
3531,179643.234375
3532,179930.53125
3533,177803.578125
3534,181196.765625
3535,196860.046875
3536,159617.609375
3537,129410.515625
3538,131190.140625
3539,141664.453125
3540,174689.765625
3541,239700.265625
3542,137764.28125
3543,175104.1875
3544,210386.6875
3545,157453.25
3546,185186.59375
3547,153706.609375
3548,181849.34375
3549,204428.671875
3550,285484.59375
3551,151172.625
3552,152721.59375
3553,152653.125
3554,197791.0625
3555,234343.375
3556,136512.5
3557,152170.6875
3558,183624.296875
3559,105635.125
3560,161877.421875
3561,147732.515625
3562,136818.0625
3563,152050.78125
3564,193406.609375
3565,123317.2734375
3566,143063.5
3567,172492.296875
3568,112224.609375
3569,140312.34375
3570,149519.796875
3571,192093.203125
3572,165515.21875
3573,206209.34375
3574,155756.640625
3575,142354.859375
3576,140584.375
3577,159019.625
3578,162667.46875
3579,261509.5
3580,191440.875
3581,216403.765625
3582,164466.640625
3583,220952.796875
3584,202592.546875
3585,152069.171875
3586,140289.3125
3587,158302.234375
3588,182517.796875
3589,116545.5859375
3590,256492.625
3591,209288.046875
3592,145200.75
3593,177945.140625
3594,145129.609375
3595,146721.25
3596,184845.4375
3597,281465
3598,157454.234375
3599,237053.578125
3600,109142.4375
3601,137498.625
3602,163760.546875
3603,142937.515625
3604,216903.125
3605,150712.921875
3606,255746.890625
3607,106139.8515625
3608,239315.15625
3609,153043.953125
3610,172205.34375
3611,205939.953125
3612,213958.46875
3613,187923.71875
3614,170172.171875
3615,162607.21875
3616,226930.28125
3617,186550.34375
3618,123337.8984375
3619,188686.453125
3620,130095.125
3621,203502.34375
3622,165203.609375
3623,201819.859375
3624,189113.578125
3625,184423.53125
3626,161462.09375
3627,130085.4609375
3628,138012.671875
3629,172449.109375
3630,155029.984375
3631,138549.46875
3632,135828.609375
3633,162741
3634,171304.53125
3635,154163.53125
3636,189575.265625
3637,112950.5703125
3638,141474.96875
3639,150194.90625
3640,144491.28125
3641,141254.75
3642,169420.703125
3643,122940.2265625
3644,187516.375
3645,155340.0625
3646,236538.71875
3647,129239.7734375
3648,228752.6875
3649,142447.453125
3650,122783.359375
3651,155379.859375
3652,151682.296875
3653,141992.53125
3654,156435.828125
3655,144906.140625
3656,234607.5625
3657,149634.859375
3658,215095
3659,103959.171875
3660,252086.84375
3661,206113.125
3662,137110.8125
3663,173925.5625
3664,135431.984375
3665,194683.265625
3666,205086.484375
3667,175865.890625
3668,148287.40625
3669,183138.71875
3670,141830.671875
3671,204743.234375
3672,220942.015625
3673,170091.9375
3674,139572.109375
3675,170584.203125
3676,147457.25
3677,175644.84375
3678,189018.265625
3679,262477
3680,184948.90625
3681,155529.375
3682,166894.796875
3683,161294.203125
3684,150825.46875
3685,146488.796875
3686,250110.359375
3687,131434.78125
3688,123644.7578125
3689,256368.890625
3690,165216.71875
3691,121563.2421875
3692,205730.515625
3693,166963.765625
3694,141333.71875
3695,253583.640625
3696,95607.234375
3697,148781.390625
3698,202179.71875
3699,182050.296875
3700,223130.625
3701,161070.46875
3702,176972.09375
3703,173951.84375
3704,241732.71875
3705,134338.75
3706,182984.90625
3707,151424.453125
3708,187735.53125
3709,115772.5546875
3710,143204.796875
3711,160994.453125
3712,271615.0625
3713,122513.4921875
3714,144117.265625
3715,137178.921875
3716,251104.796875
3717,139125.703125
3718,159768.9375
3719,260818.09375
3720,167657.078125
3721,133382.28125
3722,162713.921875
3723,233696.84375
3724,150468.828125
3725,184545.75
3726,127434.6953125
3727,173137.265625
3728,147906.046875
3729,179626.875
3730,141565.328125
3731,189844.40625
3732,124305.0703125
3733,168900.71875
3734,153823.015625
3735,178020.15625
3736,167194.203125
3737,223194.78125
3738,134343.890625
3739,163000.84375
3740,124301
3741,177690.3125
3742,144930.0625
3743,215956.25
3744,196503.5625
3745,162956.53125
3746,153121.296875
3747,220607.53125
3748,283435.15625
3749,151650.3125
3750,149667.78125
3751,237073.5625
3752,186053.265625
3753,205580.796875
3754,168116.953125
3755,225996.21875
3756,167206.5625
3757,234617.953125
3758,215621.875
3759,205334.109375
3760,190513
3761,183418.109375
3762,195023.625
3763,137574.421875
3764,154712.171875
3765,131748.21875
3766,145484.078125
3767,236250.015625
3768,223679.125
3769,147013.375
3770,125450.1015625
3771,121998.9140625
3772,187048.109375
3773,185221
3774,134175.578125
3775,195027.25
3776,145135.234375
3777,276018.03125
3778,152838.6875
3779,130309.90625
3780,224292.4375
3781,133541.90625
3782,228837.9375
3783,122341.3984375
3784,172374.828125
3785,101462.8828125
3786,291880.96875
3787,149504.078125
3788,244893.4375
3789,145049.40625
3790,194036.3125
3791,147167.53125
3792,135046.90625
3793,158557.3125
3794,145503.984375
3795,170464.453125
3796,144142.25
3797,153566.34375
3798,142856.90625
3799,195848.765625
3800,134055.953125
3801,245412.65625
3802,172075.8125
3803,129708.078125
3804,247714.515625
3805,184039.921875
3806,163203.1875
3807,233983.234375
3808,140043.28125
3809,132902.25
3810,182721.203125
3811,199075.234375
3812,153862.578125
3813,145713.8125
3814,158770.09375
3815,129702.734375
3816,131100.671875
3817,138030.6875
3818,183801.140625
3819,131714.640625
3820,111655.0390625
3821,175972.484375
3822,163405.5625
3823,96646.140625
3824,155096.734375
3825,163137.53125
3826,151170.1875
3827,194634.53125
3828,156462.53125
3829,146569.953125
3830,219361.578125
3831,167004.859375
3832,146535.453125
3833,127141.09375
3834,169713.09375
3835,223347.171875
3836,229329.546875
3837,164066.53125
3838,164761.46875
3839,155710.390625
3840,144954.359375
3841,148533.5625
3842,201204.515625
3843,148754.765625
3844,135303.890625
3845,143981.96875
3846,275547.3125
3847,120156.2578125
3848,170916.875
3849,203163.921875
3850,162914.328125
3851,158931.25
3852,114575.2890625
3853,170928.1875
3854,134984.015625
3855,159356.1875
3856,205341.34375
3857,145480.5625
3858,167232.0625
3859,187730.015625
3860,227013.015625
3861,216802.484375
3862,182431.53125
3863,177697.921875
3864,134351.3125
3865,112402.34375
3866,152672.46875
3867,252860.1875
3868,253644
3869,102344.5078125
3870,228856.875
3871,143573.6875
3872,195937.65625
3873,235747.890625
3874,191316.703125
3875,212500.71875
3876,165676.109375
3877,198112.328125
3878,175443.171875
3879,190646.75
3880,107021.0078125
3881,172546.296875
3882,161594.6875
3883,194011.765625
3884,215590.234375
3885,178035.578125
3886,126313.7734375
3887,166570.671875
3888,187086.109375
3889,199423.921875
3890,149632.234375
3891,180405.90625
3892,206004.25
3893,120175.6953125
3894,182747.40625
3895,235988.1875
3896,216860.734375
3897,153737.9375
3898,151439.0625
3899,192986.390625
3900,132111.65625
3901,139363.96875
3902,179347.5625
3903,219843.140625
3904,180117.546875
3905,163602.921875
3906,133286.46875
3907,157402.703125
3908,112223.796875
3909,184524.578125
3910,167052.1875
3911,164163.109375
3912,204582.265625
3913,188942.40625
3914,116245.6875
3915,107341.71875
3916,135642.859375
3917,150302.171875
3918,155022.390625
3919,249332.203125
3920,197529.5625
3921,242159.390625
3922,137360.453125
3923,160120.265625
3924,110501.6875
3925,181841.75
3926,100301.03125
3927,155676.703125
3928,174464.3125
3929,186810.984375
3930,144430.90625
3931,131755.5
3932,137817.671875
3933,185453.25
3934,235611
3935,287303.625
3936,199093.265625
3937,120548.8046875
3938,132258.15625
3939,209283.859375
3940,182858.203125
3941,191374.515625
3942,141436.078125
3943,164693.265625
3944,144560.40625
3945,109773.078125
3946,145632.1875
3947,213281.046875
3948,195363.046875
3949,220612.875
3950,155118.703125
3951,162359.65625
3952,212491.859375
3953,186566.203125
3954,167531.03125
3955,151555.515625
3956,192901.0625
3957,149707.25
3958,222809.15625
3959,206077.609375
3960,192902.125
3961,134242.84375
3962,205027.25
3963,160211.5
3964,187261.125
3965,138802.171875
3966,163795.25
3967,185179.953125
3968,187869.046875
3969,183580.40625
3970,154089.84375
3971,128467.421875
3972,142231.453125
3973,137463.25
3974,151003.671875
3975,167438.859375
3976,186575.03125
3977,182941.953125
3978,154519.65625
3979,258081.859375
3980,205066.296875
3981,167638.078125
3982,171476.140625
3983,176509.609375
3984,132168.71875
3985,254750.21875
3986,108040.015625
3987,157145.140625
3988,257292.09375
3989,141756.875
3990,170143.765625
3991,164940.28125
3992,208982.328125
3993,256869.015625
3994,178477.171875
3995,174721.1875
3996,255538.984375
3997,192025.140625
3998,169845.875
3999,143041.875
4000,148449.984375
4001,187994.515625
4002,177433.3125
4003,149192.359375
4004,224457.21875
4005,259303.28125
4006,208289.578125
4007,156310.375
4008,195264.984375
4009,211276
4010,169277.6875
4011,147531.0625
4012,180334.65625
4013,162891.296875
4014,169149.53125
4015,128467.7890625
4016,162993.25
4017,176442.140625
4018,123337.609375
4019,151082.625
4020,171840.421875
4021,179627.234375
4022,144072.546875
4023,154686.625
4024,215019.75
4025,274118.625
4026,177164.78125
4027,172112.046875
4028,275582.875
4029,276418.78125
4030,210724.09375
4031,145237.734375
4032,170815.359375
4033,208767.078125
4034,251213.390625
4035,117733.3359375
4036,119273.359375
4037,157921.015625
4038,141957.171875
4039,164438.75
4040,250558.828125
4041,131466.796875
4042,203140.40625
4043,147626.65625
4044,159596.9375
4045,182742.53125
4046,142245.546875
4047,136341.453125
4048,175070.578125
4049,173905.703125
4050,156167.609375
4051,159800.1875
4052,177935.203125
4053,186367.296875
4054,139561.1875
4055,207085.515625
4056,184595.203125
4057,152731.59375
4058,148616.03125
4059,187174.734375
4060,221800.1875
4061,241949.1875
4062,148561.5625
4063,94753.59375
4064,242725.515625
4065,123066.84375
4066,191602.75
4067,132359.21875
4068,137686.109375
4069,132545.4375
4070,177629.1875
4071,142795.84375
4072,217132.640625
4073,135779.375
4074,129668.734375
4075,241821.015625
4076,207847.265625
4077,221423.875
4078,179249.390625
4079,202469.46875
4080,221946.265625
4081,176724.859375
4082,154681.390625
4083,125584.6015625
4084,138248.46875
4085,122748.6328125
4086,288317.59375
4087,179064.078125
4088,163978.5625
4089,212599.734375
4090,143375.640625
4091,151273.6875
4092,217001.78125
4093,142277.3125
4094,115138.9765625
4095,133358.984375
4096,223447.921875
4097,191368.578125
4098,108488.28125
4099,178605.84375
4100,158021.59375
4101,223869.953125
4102,149791.21875
4103,228717.53125
4104,163150.171875
4105,169544.578125
4106,149258.078125
4107,167868.28125
4108,142747.515625
4109,171998.59375
4110,133989.09375
4111,148104.265625
4112,205385.28125
4113,197667.78125
4114,211449.21875
4115,128250.328125
4116,105083.109375
4117,141931.46875
4118,206930
4119,160458.234375
4120,165301.484375
4121,243714.15625
4122,156889.5
4123,150885.15625
4124,188066.828125
4125,149102.21875
4126,129241.6328125
4127,127169.7265625
4128,153333.4375
4129,224652.859375
4130,140043.328125
4131,91131.796875
4132,121820.09375
4133,167023.5
4134,180825.1875
4135,115126.8203125
4136,133777.71875
4137,171361.4375
4138,189591.75
4139,119956.546875
4140,107745.78125
4141,128459.140625
4142,189984.46875
4143,182734.84375
4144,190161.40625
4145,160619.578125
4146,152298.171875
4147,187106.515625
4148,152361.078125
4149,191806.171875
4150,180450.515625
4151,223668.734375
4152,176110.578125
4153,144828.140625
4154,193865.8125
4155,203066.703125
4156,231386.578125
4157,166822.546875
4158,163271.046875
4159,136525.21875
4160,238974.296875
4161,213854.8125
4162,218267.4375
4163,226804.859375
4164,161844.546875
4165,115808.140625
4166,134235.8125
4167,257563.15625
4168,207129.96875
4169,138873.46875
4170,175979.984375
4171,155141.09375
4172,166172
4173,152252.84375
4174,147141.3125
4175,174881.1875
4176,189671.328125
4177,214667.375
4178,156674.28125
4179,269175.625
4180,176595.34375
4181,140772.796875
4182,127080.703125
4183,131453.015625
4184,130135.2890625
4185,171061.1875
4186,190089.828125
4187,146608.765625
4188,162389.046875
4189,249955.234375
4190,122359.1796875
4191,131321.03125
4192,146607.78125
4193,195579.78125
4194,160974.125
4195,175125.40625
4196,194278.609375
4197,158224.875
4198,155939.984375
4199,205674.1875
4200,266778.21875
4201,181239.71875
4202,185944.359375
4203,163283.5625
4204,212708.8125
4205,162504.53125
4206,126396.484375
4207,136669.109375
4208,205050.453125
4209,145711.390625
4210,172571
4211,158532.28125
4212,167887.421875
4213,144980.328125
4214,128890.75
4215,235597.71875
4216,173935.09375
4217,157063.96875
4218,210544.65625
4219,181346.390625
4220,161677.828125
4221,193126.59375
4222,133257.828125
4223,226494.9375
4224,181756.859375
4225,151557.75
4226,140775.96875
4227,229654.6875
4228,214084.1875
4229,200760.15625
4230,186054.046875
4231,104579.5546875
4232,118734.7578125
4233,174966.578125
4234,141841.5
4235,195004.015625
4236,159026.6875
4237,139758.453125
4238,200742.0625
4239,227522.34375
4240,148894.140625
4241,240503.296875
4242,195970.171875
4243,274286.4375
4244,308927.375
4245,266976.28125
4246,132625.09375
4247,197738.734375
4248,132668.921875
4249,110355.3984375
4250,246657.015625
4251,191171.03125
4252,201630.359375
4253,144557.875
4254,231292.65625
4255,135054.0625
4256,179663.109375
4257,143206.828125
4258,139102.3125
4259,128850.9453125
4260,125092.59375
4261,120687.9921875
4262,182893.890625
4263,163488
4264,122284.921875
4265,143057.78125
4266,163190.21875
4267,195151.796875
4268,145562.078125
4269,120958.6171875
4270,145751.765625
4271,221976.296875
4272,214863.578125
4273,150826.96875
4274,228357.40625
4275,245648.078125
4276,172002.59375
4277,163991.21875
4278,137312.015625
4279,161853.09375
4280,203756.03125
4281,128525.234375
4282,177602.671875
4283,193011.640625
4284,216129.84375
4285,208233.59375
4286,145315
4287,154330.5625
4288,110074.515625
4289,143077.59375
4290,116149.3046875
4291,197567.71875
4292,158741
4293,225474.125
4294,254290.953125
4295,130476.75
4296,153765.875
4297,178376.71875
4298,265991.21875
4299,144448.015625
4300,237032.5
4301,325710.59375
4302,167818.171875
4303,174416.671875
4304,155509.65625
4305,130478.625
4306,275511.25
4307,261963.421875
4308,128322.8125
4309,148158.390625
4310,140957.296875
4311,110104.875
4312,159399.453125
4313,168526.515625
4314,129552.21875
4315,200478.015625
4316,271900.6875
4317,144920.140625
4318,107615.53125
4319,246273.859375
4320,111080.1796875
4321,193443.984375
4322,184752.78125
4323,229361.703125
4324,143008.21875
4325,177248.453125
4326,108024.8671875
4327,116437.7265625
4328,207161.421875
4329,177462.34375
4330,150539.765625
4331,152121.21875
4332,188871.34375
4333,133397.25
4334,139153.140625
4335,154126.734375
4336,143797.703125
4337,134764.71875
4338,174018.4375
4339,137058.65625
4340,210319.421875
4341,149723.9375
4342,149490.703125
4343,198556.46875
4344,146714.5625
4345,144392.8125
4346,130128.1796875
4347,140047.65625
4348,167666.796875
4349,127668.421875
4350,168813.125
4351,129232.3046875
4352,265516.09375
4353,133294.25
4354,176061.515625
4355,138128
4356,137169.25
4357,161120.796875
4358,178413.34375
4359,192464.671875
4360,148512.3125
4361,137304.1875
4362,126065.7109375
4363,155629.15625
4364,122044.171875
4365,237406.375
4366,155810.765625
4367,158325.359375
4368,137334.5625
4369,174934.453125
4370,162600.859375
4371,143434.578125
4372,156283.515625
4373,159166.109375
4374,179045.859375
4375,161212.40625
4376,140539.9375
4377,145199.046875
4378,187375.5625
4379,246661.578125
4380,135502.65625
4381,146929.03125
4382,131988.390625
4383,162757.828125
4384,141033.453125
4385,263012.8125
4386,167823.1875
4387,137338.84375
4388,166799.34375
4389,229333.75
4390,176536.46875
4391,130693.71875
4392,155175.390625
4393,203443.09375
4394,192839.34375
4395,225629.96875
4396,178807.84375
4397,128821.640625
4398,119006.0234375
4399,159754.359375
4400,165837.15625
4401,206506.375
4402,219633.171875
4403,248645.875
4404,158564.03125
4405,207075.546875
4406,148810.953125
4407,209926.203125
4408,180269.609375
4409,167398.140625
4410,258718.53125
4411,146446.296875
4412,141112.578125
4413,142901.734375
4414,154428.8125
4415,214827.8125
4416,199858.84375
4417,161564.03125
4418,186159.921875
4419,206391.703125
4420,298193.5
4421,171575.4375
4422,137754.09375
4423,177281.765625
4424,114795.1640625
4425,176501.015625
4426,169698.28125
4427,131507.953125
4428,184045.796875
4429,116545.0390625
4430,162291.375
4431,151523.765625
4432,233852.359375
4433,120590.0703125
4434,143415.15625
4435,120750.03125
4436,177040.46875
4437,145241.578125
4438,201415.796875
4439,167836.546875
4440,259256.4375
4441,227027.90625
4442,238289.078125
4443,215461.234375
4444,163893.34375
4445,179285.5625
4446,127459.5390625
4447,116264.796875
4448,189685.15625
4449,113691.1953125
4450,143360.625
4451,159937.234375
4452,156092.84375
4453,180654.359375
4454,111379.96875
4455,162717.3125
4456,127704.796875
4457,191719.609375
4458,156393.5625
4459,133934.484375
4460,147324.515625
4461,228684.609375
4462,190927.421875
4463,228000.25
4464,121725.6796875
4465,198330.234375
4466,166948.921875
4467,271719.25
4468,160394.6875
4469,239912.21875
4470,184917.703125
4471,228617.53125
4472,221168.859375
4473,195851.15625
4474,163570.125
4475,145296.859375
4476,235951.96875
4477,125006.8828125
4478,270453.1875
4479,160578.203125
4480,141399.046875
4481,157736.375
4482,192147.484375
4483,200124.34375
4484,179281.171875
4485,131575.734375
4486,163011.828125
4487,138163.09375
4488,151559.40625
4489,176729.625
4490,161413.28125
4491,190654.84375
4492,183714.46875
4493,141155.609375
4494,112754.8359375
4495,159321.859375
4496,139748.796875
4497,136407.109375
4498,166644.625
4499,122285.3046875
4500,147297.359375
4501,278348.375
4502,151560.546875
4503,133338.828125
4504,193631.984375
4505,166956.34375
4506,114180.84375
4507,199334.734375
4508,228633.734375
4509,193533.8125
4510,139290.890625
4511,191470.25
4512,167337.25
4513,140631.75
4514,171164.046875
4515,124343.71875
4516,168759.765625
4517,149004.984375
4518,322544
4519,169326.546875
4520,160576.875
4521,132182.8125
4522,154097.15625
4523,142226.453125
4524,180346.21875
4525,146032.765625
4526,228429.421875
4527,176326.484375
4528,246230.34375
4529,112037.7890625
4530,141699.78125
4531,206412.1875
4532,186872.109375
4533,173394.984375
4534,157317
4535,175453.640625
4536,160187.0625
4537,137629.671875
4538,144975.78125
4539,155887.234375
4540,122861.0625
4541,155452.703125
4542,175279.53125
4543,167605.5
4544,157212.328125
4545,148805.078125
4546,239547.28125
4547,194476.078125
4548,189313.75
4549,168791.15625
4550,148062.296875
4551,142906.671875
4552,165482.78125
4553,206444.765625
4554,166131.140625
4555,137934.5625
4556,131992.671875
4557,182735.40625
4558,174423.015625
4559,154482.84375
4560,178495.4375
4561,142576.5
4562,152182.21875
4563,123795.5390625
4564,166333.515625
4565,135929.953125
4566,194593.453125
4567,158151.875
4568,190937.640625
4569,185688.03125
4570,189763.734375
4571,137481.75
4572,257745.28125
4573,213402.875
4574,161807.53125
4575,152121.640625
4576,170953.03125
4577,164071
4578,152586.0625
4579,198981.828125
4580,199288.234375
4581,200826.796875
4582,153569.421875
4583,141815.953125
4584,222641.390625
4585,103890.359375
4586,147775.6875
4587,119951.3203125
4588,159996.515625
4589,219384.9375
4590,148389.8125
4591,145528
4592,123519.6640625
4593,218781.65625
4594,126919.3359375
4595,153426.671875
4596,140408.109375
4597,131410.96875
4598,173518.46875
4599,145549.875
4600,102820.5234375
4601,184003.328125
4602,198357.25
4603,165051.765625
4604,134631.390625
4605,132515.109375
4606,210145.515625
4607,167216.515625
4608,125756.625
4609,152759.9375
4610,185110.109375
4611,165652.140625
4612,185119.65625
4613,200887.296875
4614,209272.015625
4615,161225.015625
4616,200601.140625
4617,216430.078125
4618,190080
4619,145086.1875
4620,177710.109375
4621,203335.0625
4622,162846.6875
4623,192917.1875
4624,145108.1875
4625,122682.5859375
4626,159476.46875
4627,124111.25
4628,151037.984375
4629,163215.03125
4630,193737.03125
4631,127426.375
4632,193346.703125
4633,193203.65625
4634,179334.515625
4635,167769.765625
4636,153458.4375
4637,182597.9375
4638,143600.703125
4639,149447.515625
4640,165121.21875
4641,164849.53125
4642,152854.390625
4643,175116.515625
4644,113952.2734375
4645,113896.4609375
4646,175707.671875
4647,253260.171875
4648,209200.75
4649,113780.78125
4650,215182.875
4651,151872.96875
4652,144573.96875
4653,128708.7890625
4654,180086.75
4655,155692.140625
4656,141505.640625
4657,114965.4140625
4658,199244.96875
4659,140686.625
4660,164964.171875
4661,208602.765625
4662,135185.640625
4663,139378.109375
4664,171919.609375
4665,200704.109375
4666,172767.125
4667,166032.421875
4668,187835.140625
4669,143569.078125
4670,131735.921875
4671,158710.359375
4672,143433.140625
4673,183195.640625
4674,100417.3046875
4675,189844.03125
4676,133945.4375
4677,244607.109375
4678,131074.890625
4679,180777.421875
4680,173497.421875
4681,264390
4682,118644.828125
4683,187877.984375
4684,167608.25
4685,158668.265625
4686,204838.296875
4687,132184.875
4688,214129.640625
4689,198692.46875
4690,160843.0625
4691,172182.25
4692,282564.3125
4693,177842.796875
4694,178554.90625
4695,197983.015625
4696,159598.921875
4697,206132.84375
4698,153609.015625
4699,147880.9375
4700,184792.140625
4701,139657.59375
4702,159121.59375
4703,155656.265625
4704,161697.953125
4705,184596.421875
4706,108282.1875
4707,107701.5625
4708,174426.046875
4709,158411.328125
4710,134972.15625
4711,163002.5
4712,139522.078125
4713,151551.03125
4714,182688.25
4715,180845.96875
4716,143006.953125
4717,150252.34375
4718,126877.65625
4719,121663.921875
4720,146729.15625
4721,240039.3125
4722,169584.90625
4723,172209.890625
4724,137831.140625
4725,187840.71875
4726,173396.40625
4727,121116.125
4728,167042.96875
4729,141545.296875
4730,157432.921875
4731,149859.375
4732,146251.4375
4733,214234.375
4734,150480.078125
4735,161070.203125
4736,166385.421875
4737,189040.875
4738,143839.359375
4739,158370.5625
4740,111705.0859375
4741,282138.65625
4742,157646.1875
4743,126533.890625
4744,254618.015625
4745,160356.828125
4746,151559.984375
4747,139527.484375
4748,201299.828125
4749,131338.703125
4750,174455
4751,177247.3125
4752,136641.296875
4753,171999.546875
4754,177756.21875
4755,127971.8125
4756,150035.234375
4757,162348.484375
4758,235362.734375
4759,146873.203125
4760,152316.640625
4761,126248.7265625
4762,148541.703125
4763,148353.328125
4764,257171.53125
4765,158516.40625
4766,171940.21875
4767,192500.109375
4768,173974.75
4769,196843.125
4770,169445.734375
4771,148827.796875
4772,182486.546875
4773,142077.0625
4774,144716.59375
4775,156550.578125
4776,158331.421875
4777,134191.046875
4778,190150.59375
4779,206944.53125
4780,192351.953125
4781,167974
4782,139290.734375
4783,176907.15625
4784,282326.09375
4785,157037.84375
4786,114457.875
4787,227315.46875
4788,157085.40625
4789,147068.015625
4790,166870.453125
4791,147431.34375
4792,126589.7578125
4793,155737.15625
4794,181622.546875
4795,122746.3671875
4796,201115.375
4797,125431.8125
4798,214912.859375
4799,137611.71875
4800,144112.078125
4801,151987.875
4802,157547.5625
4803,158943.984375
4804,145006.1875
4805,182450.90625
4806,219261.53125
4807,167787.546875
4808,148271.359375
4809,173743.234375
4810,157735.96875
4811,144526.34375
4812,133926.9375
4813,153307.640625
4814,210586.625
4815,156675.15625
4816,154773.015625
4817,160240.875
4818,208254.84375
4819,249024.859375
4820,164701.546875
4821,186486.125
4822,224424.734375
4823,152533.28125
4824,172692.921875
4825,133770.203125
4826,184306.484375
4827,152533.09375
4828,167969.46875
4829,175531.984375
4830,192181.90625
4831,131199.875
4832,165505.828125
4833,178038.09375
4834,148246.078125
4835,129788.453125
4836,173562.046875
4837,139252.734375
4838,153479.953125
4839,123342.9375
4840,174588.703125
4841,243692.453125
4842,181807.34375
4843,163888.640625
4844,144968.09375
4845,206154.671875
4846,173609.515625
4847,180582.953125
4848,185984.734375
4849,166195.078125
4850,200253.859375
4851,155180.046875
4852,169459.84375
4853,168429.015625
4854,165644.5625
4855,187138.625
4856,155495.203125
4857,186701.734375
4858,153064.109375
4859,250384.71875
4860,151007.109375
4861,134781.453125
4862,179929.953125
4863,152401.03125
4864,181302.078125
4865,129995.3359375
4866,165522.640625
4867,194184.5
4868,152588.40625
4869,209582.546875
4870,133400.078125
4871,173093.71875
4872,171451.328125
4873,204668.921875
4874,141256
4875,140853.828125
4876,114078.7265625
4877,145699.609375
4878,193976.234375
4879,133207.5625
4880,124379.015625
4881,160496.65625
4882,127422.625
4883,148776.421875
4884,176605.390625
4885,204988.625
4886,179269.828125
4887,130855.6796875
4888,196357.640625
4889,197923.28125
4890,148079.640625
4891,166604.421875
4892,190070.609375
4893,180200.0625
4894,153400.921875
4895,168825.484375
4896,149380.015625
4897,142950.390625
4898,144636.796875
4899,193498.65625
4900,168885.96875
4901,154703.21875
4902,201579.515625
4903,166134.640625
4904,152180.78125
4905,222912.4375
4906,225823.453125
4907,202270.90625
4908,179937.484375
4909,194370.796875
4910,152482.5625
4911,255308.265625
4912,131853.921875
4913,162848.375
4914,171060.296875
4915,140317.53125
4916,245687
4917,236720.78125
4918,177378.390625
4919,220185.75
4920,153286.65625
4921,127503.671875
4922,231798.03125
4923,185545.9375
4924,147844.9375
4925,111678.0859375
4926,170987.890625
4927,198711.859375
4928,187616.296875
4929,232794.171875
4930,166643
4931,123535.28125
4932,154448.171875
4933,119828.8828125
4934,205986.40625
4935,290327.71875
4936,200158.140625
4937,139862.296875
4938,184117.75
4939,176406
4940,135556.4375
4941,192636.40625
4942,159395.046875
4943,133226.28125
4944,102495.359375
4945,209966.5625
4946,204438.125
4947,147907.796875
4948,108083.875
4949,268231.84375
4950,208502.53125
4951,144079.296875
4952,205185.046875
4953,148921.21875
4954,193528.6875
4955,147546.375
4956,159491.359375
4957,134405.84375
4958,193110.125
4959,152689.59375
4960,125826.25
4961,196747.609375
4962,191825.078125
4963,211945.109375
4964,233896.140625
4965,179720.03125
4966,201904.71875
4967,178499.390625
4968,190784.703125
4969,209082.59375
4970,180233.953125
4971,150777.328125
4972,131863.09375
4973,166193.40625
4974,118799.921875
4975,165523.953125
4976,131777.875
4977,173265.34375
4978,102716.03125
4979,163059.875
4980,145738.1875
4981,179630.171875
4982,165971.71875
4983,163960.5
4984,199910.015625
4985,213005.40625
4986,128924.3203125
4987,104770.0703125
4988,201774.703125
4989,106568.9375
4990,138652.96875
4991,153459.875
4992,159285.921875
4993,151164.484375
4994,190918.34375
4995,199675.171875
4996,312631.28125
4997,224035.796875
4998,200243.484375
